epoch,checkpoint_file,checkpoint_path,checkpoint_exists,evaluated,temperature_T,tau_r995,tau_r990,spec_at_r995,spec_at_r990,prec_at_r990,ptr_at_r990
1,epoch0.pt,D:\YOLO-CV-generated\YOLOv11\runs\stage1_goldilocks\T-W11\weights\epoch0.pt,1,1,1.877975,0.13,0.18,0.416667,0.5,0.908297,0.90873
2,epoch1.pt,D:\YOLO-CV-generated\YOLOv11\runs\stage1_goldilocks\T-W11\weights\epoch1.pt,1,1,2.100867,0.22,0.33,0.404762,0.511905,0.910284,0.906746
3,epoch2.pt,D:\YOLO-CV-generated\YOLOv11\runs\stage1_goldilocks\T-W11\weights\epoch2.pt,1,1,1.907563,0.27,0.31,0.47619,0.583333,0.922395,0.894841
4,epoch3.pt,D:\YOLO-CV-generated\YOLOv11\runs\stage1_goldilocks\T-W11\weights\epoch3.pt,1,1,1.488153,0.14,0.18,0.261905,0.333333,0.881356,0.936508
5,epoch4.pt,D:\YOLO-CV-generated\YOLOv11\runs\stage1_goldilocks\T-W11\weights\epoch4.pt,1,1,1.456586,0.18,0.23,0.214286,0.309524,0.877637,0.940476
6,epoch5.pt,D:\YOLO-CV-generated\YOLOv11\runs\stage1_goldilocks\T-W11\weights\epoch5.pt,1,1,1.388397,0.22,0.34,0.404762,0.547619,0.9163,0.900794
7,epoch6.pt,D:\YOLO-CV-generated\YOLOv11\runs\stage1_goldilocks\T-W11\weights\epoch6.pt,1,1,1.827222,0.23,0.26,0.25,0.261905,0.870293,0.948413
8,epoch7.pt,D:\YOLO-CV-generated\YOLOv11\runs\stage1_goldilocks\T-W11\weights\epoch7.pt,1,1,1.357891,0.12,0.14,0.369048,0.416667,0.894624,0.922619
9,epoch8.pt,D:\YOLO-CV-generated\YOLOv11\runs\stage1_goldilocks\T-W11\weights\epoch8.pt,1,1,1.515377,0.17,0.23,0.357143,0.440476,0.898488,0.918651
10,epoch9.pt,D:\YOLO-CV-generated\YOLOv11\runs\stage1_goldilocks\T-W11\weights\epoch9.pt,1,1,1.334892,0.06,0.11,0.130952,0.333333,0.881356,0.936508
11,epoch10.pt,D:\YOLO-CV-generated\YOLOv11\runs\stage1_goldilocks\T-W11\weights\epoch10.pt,1,1,1.80323,0.23,0.26,0.464286,0.5,0.908297,0.90873
12,epoch11.pt,D:\YOLO-CV-generated\YOLOv11\runs\stage1_goldilocks\T-W11\weights\epoch11.pt,1,1,1.64307,0.16,0.27,0.321429,0.452381,0.900433,0.916667
13,epoch12.pt,D:\YOLO-CV-generated\YOLOv11\runs\stage1_goldilocks\T-W11\weights\epoch12.pt,1,1,1.50536,0.21,0.25,0.369048,0.416667,0.894624,0.922619
14,epoch13.pt,D:\YOLO-CV-generated\YOLOv11\runs\stage1_goldilocks\T-W11\weights\epoch13.pt,1,1,1.467434,0.1,0.17,0.154762,0.357143,0.885106,0.93254
15,epoch14.pt,D:\YOLO-CV-generated\YOLOv11\runs\stage1_goldilocks\T-W11\weights\epoch14.pt,1,1,1.492799,0.13,0.16,0.392857,0.416667,0.894624,0.922619
16,epoch15.pt,D:\YOLO-CV-generated\YOLOv11\runs\stage1_goldilocks\T-W11\weights\epoch15.pt,1,1,1.339538,0.14,0.18,0.333333,0.404762,0.892704,0.924603
17,epoch16.pt,D:\YOLO-CV-generated\YOLOv11\runs\stage1_goldilocks\T-W11\weights\epoch16.pt,1,1,1.784071,0.18,0.22,0.392857,0.440476,0.898488,0.918651
18,epoch17.pt,D:\YOLO-CV-generated\YOLOv11\runs\stage1_goldilocks\T-W11\weights\epoch17.pt,1,1,1.655267,0.18,0.2,0.392857,0.428571,0.896774,0.922619
19,epoch18.pt,D:\YOLO-CV-generated\YOLOv11\runs\stage1_goldilocks\T-W11\weights\epoch18.pt,1,1,1.686211,0.12,0.16,0.321429,0.380952,0.889126,0.930556
20,epoch19.pt,D:\YOLO-CV-generated\YOLOv11\runs\stage1_goldilocks\T-W11\weights\epoch19.pt,1,1,1.957406,0.26,0.29,0.47619,0.488095,0.906318,0.910714
21,epoch20.pt,D:\YOLO-CV-generated\YOLOv11\runs\stage1_goldilocks\T-W11\weights\epoch20.pt,1,1,1.571966,0.12,0.2,0.309524,0.404762,0.892704,0.924603
22,epoch21.pt,D:\YOLO-CV-generated\YOLOv11\runs\stage1_goldilocks\T-W11\weights\epoch21.pt,1,1,1.76765,0.2,0.29,0.27381,0.404762,0.892934,0.926587
23,epoch22.pt,D:\YOLO-CV-generated\YOLOv11\runs\stage1_goldilocks\T-W11\weights\epoch22.pt,1,1,1.465462,0.24,0.28,0.452381,0.559524,0.918322,0.89881
24,epoch23.pt,D:\YOLO-CV-generated\YOLOv11\runs\stage1_goldilocks\T-W11\weights\epoch23.pt,1,1,1.740039,0.17,0.36,0.178571,0.464286,0.902386,0.914683
25,epoch24.pt,D:\YOLO-CV-generated\YOLOv11\runs\stage1_goldilocks\T-W11\weights\epoch24.pt,1,1,1.743497,0.18,0.23,0.27381,0.404762,0.892704,0.924603
26,epoch25.pt,D:\YOLO-CV-generated\YOLOv11\runs\stage1_goldilocks\T-W11\weights\epoch25.pt,1,1,1.629629,0.1,0.25,0.285714,0.511905,0.91048,0.90873
27,epoch26.pt,D:\YOLO-CV-generated\YOLOv11\runs\stage1_goldilocks\T-W11\weights\epoch26.pt,1,1,1.584906,0.23,0.24,0.488095,0.511905,0.910284,0.906746
28,epoch27.pt,D:\YOLO-CV-generated\YOLOv11\runs\stage1_goldilocks\T-W11\weights\epoch27.pt,1,1,1.624488,0.19,0.31,0.309524,0.464286,0.902386,0.914683
29,epoch28.pt,D:\YOLO-CV-generated\YOLOv11\runs\stage1_goldilocks\T-W11\weights\epoch28.pt,1,1,2.036174,0.08,0.17,0.297619,0.488095,0.906318,0.910714
30,epoch29.pt,D:\YOLO-CV-generated\YOLOv11\runs\stage1_goldilocks\T-W11\weights\epoch29.pt,1,1,2.093438,0.21,0.28,0.380952,0.511905,0.910284,0.906746
31,epoch30.pt,D:\YOLO-CV-generated\YOLOv11\runs\stage1_goldilocks\T-W11\weights\epoch30.pt,1,1,1.878332,0.22,0.29,0.392857,0.488095,0.906318,0.910714
32,epoch31.pt,D:\YOLO-CV-generated\YOLOv11\runs\stage1_goldilocks\T-W11\weights\epoch31.pt,1,1,1.609742,0.15,0.2,0.428571,0.440476,0.898488,0.918651
33,epoch32.pt,D:\YOLO-CV-generated\YOLOv11\runs\stage1_goldilocks\T-W11\weights\epoch32.pt,1,1,2.302039,0.13,0.23,0.357143,0.5,0.908297,0.90873
34,epoch33.pt,D:\YOLO-CV-generated\YOLOv11\runs\stage1_goldilocks\T-W11\weights\epoch33.pt,1,1,1.689545,0.2,0.36,0.345238,0.488095,0.906318,0.910714
35,epoch34.pt,D:\YOLO-CV-generated\YOLOv11\runs\stage1_goldilocks\T-W11\weights\epoch34.pt,1,1,1.893771,0.05,0.13,0.047619,0.309524,0.877895,0.94246
36,epoch35.pt,D:\YOLO-CV-generated\YOLOv11\runs\stage1_goldilocks\T-W11\weights\epoch35.pt,1,1,2.295673,0.19,0.25,0.440476,0.464286,0.902386,0.914683
37,epoch36.pt,D:\YOLO-CV-generated\YOLOv11\runs\stage1_goldilocks\T-W11\weights\epoch36.pt,1,1,1.958428,0.15,0.19,0.47619,0.559524,0.918322,0.89881
38,epoch37.pt,D:\YOLO-CV-generated\YOLOv11\runs\stage1_goldilocks\T-W11\weights\epoch37.pt,1,1,1.871291,0.13,0.2,0.27381,0.380952,0.888889,0.928571
39,epoch38.pt,D:\YOLO-CV-generated\YOLOv11\runs\stage1_goldilocks\T-W11\weights\epoch38.pt,1,1,1.913055,0.2,0.23,0.357143,0.392857,0.890792,0.926587
40,epoch39.pt,D:\YOLO-CV-generated\YOLOv11\runs\stage1_goldilocks\T-W11\weights\epoch39.pt,1,1,1.809528,0.12,0.18,0.202381,0.345238,0.883227,0.934524
41,epoch40.pt,D:\YOLO-CV-generated\YOLOv11\runs\stage1_goldilocks\T-W11\weights\epoch40.pt,1,1,1.741729,0.19,0.26,0.404762,0.52381,0.912281,0.904762
42,epoch41.pt,D:\YOLO-CV-generated\YOLOv11\runs\stage1_goldilocks\T-W11\weights\epoch41.pt,1,1,1.650838,0.11,0.14,0.345238,0.428571,0.896552,0.920635
43,epoch42.pt,D:\YOLO-CV-generated\YOLOv11\runs\stage1_goldilocks\T-W11\weights\epoch42.pt,1,1,1.914661,0.11,0.2,0.309524,0.416667,0.894624,0.922619
44,epoch43.pt,D:\YOLO-CV-generated\YOLOv11\runs\stage1_goldilocks\T-W11\weights\epoch43.pt,1,1,1.905716,0.21,0.26,0.357143,0.404762,0.892934,0.926587
45,epoch44.pt,D:\YOLO-CV-generated\YOLOv11\runs\stage1_goldilocks\T-W11\weights\epoch44.pt,1,1,2.197932,0.14,0.22,0.22619,0.452381,0.900433,0.916667
46,epoch45.pt,D:\YOLO-CV-generated\YOLOv11\runs\stage1_goldilocks\T-W11\weights\epoch45.pt,1,1,2.019629,0.17,0.18,0.369048,0.392857,0.891026,0.928571
47,epoch46.pt,D:\YOLO-CV-generated\YOLOv11\runs\stage1_goldilocks\T-W11\weights\epoch46.pt,1,1,2.067278,0.15,0.23,0.190476,0.345238,0.883227,0.934524
48,epoch47.pt,D:\YOLO-CV-generated\YOLOv11\runs\stage1_goldilocks\T-W11\weights\epoch47.pt,1,1,1.871314,0.21,0.21,0.511905,0.511905,0.910675,0.910714
49,epoch48.pt,D:\YOLO-CV-generated\YOLOv11\runs\stage1_goldilocks\T-W11\weights\epoch48.pt,1,1,2.166249,0.16,0.26,0.345238,0.511905,0.91048,0.90873
50,epoch49.pt,D:\YOLO-CV-generated\YOLOv11\runs\stage1_goldilocks\T-W11\weights\epoch49.pt,1,1,1.833986,0.09,0.22,0.178571,0.440476,0.898488,0.918651
51,epoch50.pt,D:\YOLO-CV-generated\YOLOv11\runs\stage1_goldilocks\T-W11\weights\epoch50.pt,1,1,2.122936,0.1,0.18,0.25,0.416667,0.89485,0.924603
52,epoch51.pt,D:\YOLO-CV-generated\YOLOv11\runs\stage1_goldilocks\T-W11\weights\epoch51.pt,1,1,2.381948,0.25,0.31,0.416667,0.5,0.908497,0.910714
53,epoch52.pt,D:\YOLO-CV-generated\YOLOv11\runs\stage1_goldilocks\T-W11\weights\epoch52.pt,1,1,2.357542,0.19,0.22,0.380952,0.392857,0.890792,0.926587
54,epoch53.pt,D:\YOLO-CV-generated\YOLOv11\runs\stage1_goldilocks\T-W11\weights\epoch53.pt,1,1,2.348675,0.17,0.23,0.404762,0.464286,0.902386,0.914683
55,epoch54.pt,D:\YOLO-CV-generated\YOLOv11\runs\stage1_goldilocks\T-W11\weights\epoch54.pt,1,1,2.178247,0.2,0.25,0.428571,0.52381,0.912473,0.906746
56,epoch55.pt,D:\YOLO-CV-generated\YOLOv11\runs\stage1_goldilocks\T-W11\weights\epoch55.pt,1,1,2.259406,0.23,0.31,0.5,0.571429,0.920354,0.896825
57,epoch56.pt,D:\YOLO-CV-generated\YOLOv11\runs\stage1_goldilocks\T-W11\weights\epoch56.pt,1,1,2.221497,0.23,0.23,0.404762,0.404762,0.893162,0.928571
58,epoch57.pt,D:\YOLO-CV-generated\YOLOv11\runs\stage1_goldilocks\T-W11\weights\epoch57.pt,1,1,2.290243,0.2,0.24,0.333333,0.392857,0.890792,0.926587
59,epoch58.pt,D:\YOLO-CV-generated\YOLOv11\runs\stage1_goldilocks\T-W11\weights\epoch58.pt,1,1,2.567429,0.1,0.28,0.130952,0.47619,0.904348,0.912698
60,epoch59.pt,D:\YOLO-CV-generated\YOLOv11\runs\stage1_goldilocks\T-W11\weights\epoch59.pt,1,1,2.743286,0.27,0.3,0.416667,0.488095,0.906522,0.912698
61,epoch60.pt,D:\YOLO-CV-generated\YOLOv11\runs\stage1_goldilocks\T-W11\weights\epoch60.pt,1,1,2.600594,0.25,0.35,0.357143,0.452381,0.900433,0.916667
62,epoch61.pt,D:\YOLO-CV-generated\YOLOv11\runs\stage1_goldilocks\T-W11\weights\epoch61.pt,1,1,2.649929,0.28,0.29,0.440476,0.452381,0.900648,0.918651
63,epoch62.pt,D:\YOLO-CV-generated\YOLOv11\runs\stage1_goldilocks\T-W11\weights\epoch62.pt,1,1,2.523067,0.26,0.31,0.5,0.535714,0.914286,0.902778
64,epoch63.pt,D:\YOLO-CV-generated\YOLOv11\runs\stage1_goldilocks\T-W11\weights\epoch63.pt,1,1,2.590624,0.29,0.37,0.416667,0.52381,0.912473,0.906746
65,epoch64.pt,D:\YOLO-CV-generated\YOLOv11\runs\stage1_goldilocks\T-W11\weights\epoch64.pt,1,1,2.621283,0.17,0.31,0.345238,0.583333,0.922395,0.894841
66,epoch65.pt,D:\YOLO-CV-generated\YOLOv11\runs\stage1_goldilocks\T-W11\weights\epoch65.pt,1,1,2.31932,0.19,0.27,0.392857,0.511905,0.910284,0.906746
67,epoch66.pt,D:\YOLO-CV-generated\YOLOv11\runs\stage1_goldilocks\T-W11\weights\epoch66.pt,1,1,2.392691,0.23,0.25,0.428571,0.440476,0.898707,0.920635
68,epoch67.pt,D:\YOLO-CV-generated\YOLOv11\runs\stage1_goldilocks\T-W11\weights\epoch67.pt,1,1,2.815681,0.24,0.29,0.464286,0.547619,0.916484,0.902778
69,epoch68.pt,D:\YOLO-CV-generated\YOLOv11\runs\stage1_goldilocks\T-W11\weights\epoch68.pt,1,1,2.65634,0.29,0.43,0.440476,0.630952,0.930649,0.886905
70,epoch69.pt,D:\YOLO-CV-generated\YOLOv11\runs\stage1_goldilocks\T-W11\weights\epoch69.pt,1,1,2.918425,0.21,0.3,0.428571,0.5,0.908297,0.90873
71,epoch70.pt,D:\YOLO-CV-generated\YOLOv11\runs\stage1_goldilocks\T-W11\weights\epoch70.pt,1,1,2.864586,0.26,0.33,0.452381,0.583333,0.922566,0.896825
72,epoch71.pt,D:\YOLO-CV-generated\YOLOv11\runs\stage1_goldilocks\T-W11\weights\epoch71.pt,1,1,2.831514,0.17,0.25,0.297619,0.452381,0.900433,0.916667
73,epoch72.pt,D:\YOLO-CV-generated\YOLOv11\runs\stage1_goldilocks\T-W11\weights\epoch72.pt,1,1,2.576179,0.16,0.2,0.297619,0.357143,0.88535,0.934524
74,epoch73.pt,D:\YOLO-CV-generated\YOLOv11\runs\stage1_goldilocks\T-W11\weights\epoch73.pt,1,1,2.555181,0.14,0.29,0.238095,0.52381,0.912281,0.904762
75,epoch74.pt,D:\YOLO-CV-generated\YOLOv11\runs\stage1_goldilocks\T-W11\weights\epoch74.pt,1,1,2.65151,0.21,0.28,0.369048,0.464286,0.902386,0.914683
76,epoch75.pt,D:\YOLO-CV-generated\YOLOv11\runs\stage1_goldilocks\T-W11\weights\epoch75.pt,1,1,2.601669,0.24,0.29,0.440476,0.5,0.908297,0.90873
77,epoch76.pt,D:\YOLO-CV-generated\YOLOv11\runs\stage1_goldilocks\T-W11\weights\epoch76.pt,1,1,2.705611,0.15,0.28,0.321429,0.535714,0.914286,0.902778
78,epoch77.pt,D:\YOLO-CV-generated\YOLOv11\runs\stage1_goldilocks\T-W11\weights\epoch77.pt,1,1,2.673962,0.13,0.27,0.22619,0.440476,0.898488,0.918651
79,epoch78.pt,D:\YOLO-CV-generated\YOLOv11\runs\stage1_goldilocks\T-W11\weights\epoch78.pt,1,1,2.753908,0.15,0.31,0.321429,0.5,0.908297,0.90873
80,epoch79.pt,D:\YOLO-CV-generated\YOLOv11\runs\stage1_goldilocks\T-W11\weights\epoch79.pt,1,1,2.681902,0.17,0.25,0.392857,0.5,0.908297,0.90873
81,epoch80.pt,D:\YOLO-CV-generated\YOLOv11\runs\stage1_goldilocks\T-W11\weights\epoch80.pt,1,1,2.585168,0.18,0.31,0.392857,0.571429,0.920354,0.896825
82,epoch81.pt,D:\YOLO-CV-generated\YOLOv11\runs\stage1_goldilocks\T-W11\weights\epoch81.pt,1,1,2.761174,0.16,0.22,0.357143,0.464286,0.902386,0.914683
83,epoch82.pt,D:\YOLO-CV-generated\YOLOv11\runs\stage1_goldilocks\T-W11\weights\epoch82.pt,1,1,2.397496,0.08,0.16,0.25,0.416667,0.894624,0.922619
84,epoch83.pt,D:\YOLO-CV-generated\YOLOv11\runs\stage1_goldilocks\T-W11\weights\epoch83.pt,1,1,2.515714,0.16,0.25,0.333333,0.464286,0.902386,0.914683
85,epoch84.pt,D:\YOLO-CV-generated\YOLOv11\runs\stage1_goldilocks\T-W11\weights\epoch84.pt,1,1,2.439491,0.15,0.37,0.357143,0.607143,0.926503,0.890873
86,epoch85.pt,D:\YOLO-CV-generated\YOLOv11\runs\stage1_goldilocks\T-W11\weights\epoch85.pt,1,1,2.534953,0.15,0.27,0.321429,0.5,0.908297,0.90873
87,epoch86.pt,D:\YOLO-CV-generated\YOLOv11\runs\stage1_goldilocks\T-W11\weights\epoch86.pt,1,1,2.729068,0.24,0.34,0.404762,0.559524,0.918322,0.89881
88,epoch87.pt,D:\YOLO-CV-generated\YOLOv11\runs\stage1_goldilocks\T-W11\weights\epoch87.pt,1,1,2.491244,0.16,0.26,0.357143,0.47619,0.904348,0.912698
89,epoch88.pt,D:\YOLO-CV-generated\YOLOv11\runs\stage1_goldilocks\T-W11\weights\epoch88.pt,1,1,2.649757,0.15,0.22,0.380952,0.464286,0.902386,0.914683
90,epoch89.pt,D:\YOLO-CV-generated\YOLOv11\runs\stage1_goldilocks\T-W11\weights\epoch89.pt,1,1,2.69428,0.14,0.25,0.345238,0.511905,0.910284,0.906746
91,epoch90.pt,D:\YOLO-CV-generated\YOLOv11\runs\stage1_goldilocks\T-W11\weights\epoch90.pt,1,1,2.53077,0.16,0.22,0.404762,0.5,0.908497,0.910714
92,epoch91.pt,D:\YOLO-CV-generated\YOLOv11\runs\stage1_goldilocks\T-W11\weights\epoch91.pt,1,1,2.566415,0.15,0.3,0.404762,0.583333,0.922395,0.894841
93,epoch92.pt,D:\YOLO-CV-generated\YOLOv11\runs\stage1_goldilocks\T-W11\weights\epoch92.pt,1,1,2.982116,0.14,0.27,0.309524,0.52381,0.912281,0.904762
94,epoch93.pt,D:\YOLO-CV-generated\YOLOv11\runs\stage1_goldilocks\T-W11\weights\epoch93.pt,1,1,3.061548,0.17,0.27,0.369048,0.547619,0.9163,0.900794
95,epoch94.pt,D:\YOLO-CV-generated\YOLOv11\runs\stage1_goldilocks\T-W11\weights\epoch94.pt,1,1,3.017306,0.14,0.23,0.285714,0.47619,0.904348,0.912698
96,epoch95.pt,D:\YOLO-CV-generated\YOLOv11\runs\stage1_goldilocks\T-W11\weights\epoch95.pt,1,1,3.057013,0.15,0.24,0.309524,0.404762,0.892704,0.924603
97,epoch96.pt,D:\YOLO-CV-generated\YOLOv11\runs\stage1_goldilocks\T-W11\weights\epoch96.pt,1,1,2.959845,0.18,0.36,0.369048,0.607143,0.926503,0.890873
98,epoch97.pt,D:\YOLO-CV-generated\YOLOv11\runs\stage1_goldilocks\T-W11\weights\epoch97.pt,1,1,2.796092,0.16,0.28,0.369048,0.488095,0.906318,0.910714
99,epoch98.pt,D:\YOLO-CV-generated\YOLOv11\runs\stage1_goldilocks\T-W11\weights\epoch98.pt,1,1,2.846883,0.15,0.31,0.321429,0.47619,0.904348,0.912698
100,epoch99.pt,D:\YOLO-CV-generated\YOLOv11\runs\stage1_goldilocks\T-W11\weights\epoch99.pt,1,1,2.837588,0.1,0.25,0.27381,0.488095,0.906318,0.910714
101,epoch100.pt,D:\YOLO-CV-generated\YOLOv11\runs\stage1_goldilocks\T-W11\weights\epoch100.pt,1,1,2.744809,0.12,0.29,0.333333,0.52381,0.912281,0.904762
102,epoch101.pt,D:\YOLO-CV-generated\YOLOv11\runs\stage1_goldilocks\T-W11\weights\epoch101.pt,1,1,2.646882,0.16,0.19,0.404762,0.452381,0.900433,0.916667
103,epoch102.pt,D:\YOLO-CV-generated\YOLOv11\runs\stage1_goldilocks\T-W11\weights\epoch102.pt,1,1,2.870984,0.15,0.28,0.357143,0.511905,0.910284,0.906746
104,epoch103.pt,D:\YOLO-CV-generated\YOLOv11\runs\stage1_goldilocks\T-W11\weights\epoch103.pt,1,1,2.92147,0.14,0.26,0.309524,0.511905,0.910284,0.906746
105,epoch104.pt,D:\YOLO-CV-generated\YOLOv11\runs\stage1_goldilocks\T-W11\weights\epoch104.pt,1,1,2.735947,0.18,0.3,0.428571,0.583333,0.922395,0.894841
106,epoch105.pt,D:\YOLO-CV-generated\YOLOv11\runs\stage1_goldilocks\T-W11\weights\epoch105.pt,1,1,2.703053,0.16,0.29,0.416667,0.52381,0.912281,0.904762
107,epoch106.pt,D:\YOLO-CV-generated\YOLOv11\runs\stage1_goldilocks\T-W11\weights\epoch106.pt,1,1,2.645529,0.16,0.28,0.416667,0.547619,0.916484,0.902778
108,epoch107.pt,D:\YOLO-CV-generated\YOLOv11\runs\stage1_goldilocks\T-W11\weights\epoch107.pt,1,1,2.659124,0.17,0.34,0.416667,0.595238,0.924444,0.892857
109,epoch108.pt,D:\YOLO-CV-generated\YOLOv11\runs\stage1_goldilocks\T-W11\weights\epoch108.pt,1,1,2.786652,0.22,0.34,0.464286,0.630952,0.930649,0.886905
110,epoch109.pt,D:\YOLO-CV-generated\YOLOv11\runs\stage1_goldilocks\T-W11\weights\epoch109.pt,1,1,2.847807,0.15,0.32,0.416667,0.595238,0.924444,0.892857
111,epoch110.pt,D:\YOLO-CV-generated\YOLOv11\runs\stage1_goldilocks\T-W11\weights\epoch110.pt,1,1,2.997079,0.14,0.35,0.380952,0.607143,0.926503,0.890873
112,epoch111.pt,D:\YOLO-CV-generated\YOLOv11\runs\stage1_goldilocks\T-W11\weights\epoch111.pt,1,1,2.952241,0.17,0.3,0.404762,0.583333,0.922395,0.894841
113,epoch112.pt,D:\YOLO-CV-generated\YOLOv11\runs\stage1_goldilocks\T-W11\weights\epoch112.pt,1,1,2.963802,0.18,0.32,0.416667,0.547619,0.9163,0.900794
114,epoch113.pt,D:\YOLO-CV-generated\YOLOv11\runs\stage1_goldilocks\T-W11\weights\epoch113.pt,1,1,2.868789,0.24,0.3,0.488095,0.535714,0.914286,0.902778
115,epoch114.pt,D:\YOLO-CV-generated\YOLOv11\runs\stage1_goldilocks\T-W11\weights\epoch114.pt,1,1,2.890535,0.3,0.36,0.547619,0.583333,0.922566,0.896825
116,epoch115.pt,D:\YOLO-CV-generated\YOLOv11\runs\stage1_goldilocks\T-W11\weights\epoch115.pt,1,1,2.850206,0.28,0.34,0.535714,0.559524,0.918322,0.89881
117,epoch116.pt,D:\YOLO-CV-generated\YOLOv11\runs\stage1_goldilocks\T-W11\weights\epoch116.pt,1,1,2.919973,0.24,0.33,0.488095,0.559524,0.918322,0.89881
118,epoch117.pt,D:\YOLO-CV-generated\YOLOv11\runs\stage1_goldilocks\T-W11\weights\epoch117.pt,1,1,2.935791,0.24,0.37,0.47619,0.595238,0.924612,0.894841
119,epoch118.pt,D:\YOLO-CV-generated\YOLOv11\runs\stage1_goldilocks\T-W11\weights\epoch118.pt,1,1,3.008396,0.3,0.38,0.511905,0.607143,0.926503,0.890873
120,epoch119.pt,D:\YOLO-CV-generated\YOLOv11\runs\stage1_goldilocks\T-W11\weights\epoch119.pt,1,1,3.118095,0.25,0.38,0.464286,0.595238,0.924444,0.892857
121,epoch120.pt,D:\YOLO-CV-generated\YOLOv11\runs\stage1_goldilocks\T-W11\weights\epoch120.pt,1,1,3.250948,0.23,0.36,0.464286,0.595238,0.924444,0.892857
122,epoch121.pt,D:\YOLO-CV-generated\YOLOv11\runs\stage1_goldilocks\T-W11\weights\epoch121.pt,1,1,3.371188,0.2,0.36,0.452381,0.595238,0.924444,0.892857
123,epoch122.pt,D:\YOLO-CV-generated\YOLOv11\runs\stage1_goldilocks\T-W11\weights\epoch122.pt,1,1,3.354541,0.21,0.36,0.452381,0.595238,0.924444,0.892857
124,epoch123.pt,D:\YOLO-CV-generated\YOLOv11\runs\stage1_goldilocks\T-W11\weights\epoch123.pt,1,1,3.266413,0.21,0.38,0.428571,0.607143,0.926503,0.890873
125,epoch124.pt,D:\YOLO-CV-generated\YOLOv11\runs\stage1_goldilocks\T-W11\weights\epoch124.pt,1,1,3.27806,0.16,0.41,0.309524,0.619048,0.928571,0.888889
126,epoch125.pt,D:\YOLO-CV-generated\YOLOv11\runs\stage1_goldilocks\T-W11\weights\epoch125.pt,1,1,3.36044,0.16,0.33,0.321429,0.595238,0.924612,0.894841
127,epoch126.pt,D:\YOLO-CV-generated\YOLOv11\runs\stage1_goldilocks\T-W11\weights\epoch126.pt,1,1,3.42771,0.16,0.38,0.333333,0.607143,0.926503,0.890873
128,epoch127.pt,D:\YOLO-CV-generated\YOLOv11\runs\stage1_goldilocks\T-W11\weights\epoch127.pt,1,1,3.506054,0.18,0.33,0.345238,0.571429,0.920354,0.896825
129,epoch128.pt,D:\YOLO-CV-generated\YOLOv11\runs\stage1_goldilocks\T-W11\weights\epoch128.pt,1,1,3.53432,0.18,0.33,0.333333,0.547619,0.9163,0.900794
130,epoch129.pt,D:\YOLO-CV-generated\YOLOv11\runs\stage1_goldilocks\T-W11\weights\epoch129.pt,1,1,3.596532,0.19,0.32,0.321429,0.547619,0.916484,0.902778
131,epoch130.pt,D:\YOLO-CV-generated\YOLOv11\runs\stage1_goldilocks\T-W11\weights\epoch130.pt,1,1,3.618992,0.18,0.3,0.297619,0.511905,0.910284,0.906746
132,epoch131.pt,D:\YOLO-CV-generated\YOLOv11\runs\stage1_goldilocks\T-W11\weights\epoch131.pt,1,1,3.614121,0.17,0.3,0.297619,0.52381,0.912281,0.904762
133,epoch132.pt,D:\YOLO-CV-generated\YOLOv11\runs\stage1_goldilocks\T-W11\weights\epoch132.pt,1,1,3.609395,0.17,0.3,0.309524,0.511905,0.910284,0.906746
134,epoch133.pt,D:\YOLO-CV-generated\YOLOv11\runs\stage1_goldilocks\T-W11\weights\epoch133.pt,1,1,3.639845,0.18,0.3,0.297619,0.5,0.908297,0.90873
135,epoch134.pt,D:\YOLO-CV-generated\YOLOv11\runs\stage1_goldilocks\T-W11\weights\epoch134.pt,1,1,3.65189,0.18,0.3,0.309524,0.488095,0.906318,0.910714
136,epoch135.pt,D:\YOLO-CV-generated\YOLOv11\runs\stage1_goldilocks\T-W11\weights\epoch135.pt,1,1,3.631592,0.17,0.32,0.297619,0.52381,0.912281,0.904762
137,epoch136.pt,D:\YOLO-CV-generated\YOLOv11\runs\stage1_goldilocks\T-W11\weights\epoch136.pt,1,1,3.638178,0.2,0.31,0.345238,0.52381,0.912281,0.904762
138,epoch137.pt,D:\YOLO-CV-generated\YOLOv11\runs\stage1_goldilocks\T-W11\weights\epoch137.pt,1,1,3.663381,0.21,0.31,0.369048,0.535714,0.914286,0.902778
139,epoch138.pt,D:\YOLO-CV-generated\YOLOv11\runs\stage1_goldilocks\T-W11\weights\epoch138.pt,1,1,3.675656,0.22,0.3,0.380952,0.535714,0.914474,0.904762
140,epoch139.pt,D:\YOLO-CV-generated\YOLOv11\runs\stage1_goldilocks\T-W11\weights\epoch139.pt,1,1,3.671638,0.23,0.33,0.416667,0.547619,0.916484,0.902778
141,epoch140.pt,D:\YOLO-CV-generated\YOLOv11\runs\stage1_goldilocks\T-W11\weights\epoch140.pt,1,1,3.673551,0.24,0.3,0.440476,0.535714,0.914474,0.904762
142,epoch141.pt,D:\YOLO-CV-generated\YOLOv11\runs\stage1_goldilocks\T-W11\weights\epoch141.pt,1,1,3.691053,0.24,0.3,0.428571,0.535714,0.914474,0.904762
143,epoch142.pt,D:\YOLO-CV-generated\YOLOv11\runs\stage1_goldilocks\T-W11\weights\epoch142.pt,1,1,3.705662,0.26,0.34,0.488095,0.547619,0.9163,0.900794
144,epoch143.pt,D:\YOLO-CV-generated\YOLOv11\runs\stage1_goldilocks\T-W11\weights\epoch143.pt,1,1,3.702714,0.25,0.35,0.47619,0.571429,0.920354,0.896825
145,epoch144.pt,D:\YOLO-CV-generated\YOLOv11\runs\stage1_goldilocks\T-W11\weights\epoch144.pt,1,1,3.696249,0.23,0.34,0.416667,0.559524,0.918322,0.89881
146,epoch145.pt,D:\YOLO-CV-generated\YOLOv11\runs\stage1_goldilocks\T-W11\weights\epoch145.pt,1,1,3.680487,0.23,0.34,0.428571,0.559524,0.918322,0.89881
147,epoch146.pt,D:\YOLO-CV-generated\YOLOv11\runs\stage1_goldilocks\T-W11\weights\epoch146.pt,1,1,3.686775,0.22,0.31,0.404762,0.535714,0.914474,0.904762
148,epoch147.pt,D:\YOLO-CV-generated\YOLOv11\runs\stage1_goldilocks\T-W11\weights\epoch147.pt,1,1,3.687652,0.22,0.31,0.404762,0.52381,0.912281,0.904762
149,epoch148.pt,D:\YOLO-CV-generated\YOLOv11\runs\stage1_goldilocks\T-W11\weights\epoch148.pt,1,1,3.664044,0.23,0.29,0.428571,0.511905,0.91048,0.90873
150,epoch149.pt,D:\YOLO-CV-generated\YOLOv11\runs\stage1_goldilocks\T-W11\weights\epoch149.pt,1,1,3.652282,0.23,0.3,0.428571,0.52381,0.912281,0.904762
151,epoch150.pt,D:\YOLO-CV-generated\YOLOv11\runs\stage1_goldilocks\T-W11\weights\epoch150.pt,1,1,3.646394,0.24,0.3,0.464286,0.52381,0.912281,0.904762
152,epoch151.pt,D:\YOLO-CV-generated\YOLOv11\runs\stage1_goldilocks\T-W11\weights\epoch151.pt,1,1,3.64643,0.23,0.3,0.47619,0.511905,0.91048,0.90873
153,epoch152.pt,D:\YOLO-CV-generated\YOLOv11\runs\stage1_goldilocks\T-W11\weights\epoch152.pt,1,1,3.642387,0.22,0.3,0.440476,0.511905,0.91048,0.90873
154,epoch153.pt,D:\YOLO-CV-generated\YOLOv11\runs\stage1_goldilocks\T-W11\weights\epoch153.pt,1,1,3.640481,0.21,0.31,0.416667,0.535714,0.914286,0.902778
155,epoch154.pt,D:\YOLO-CV-generated\YOLOv11\runs\stage1_goldilocks\T-W11\weights\epoch154.pt,1,1,3.65995,0.21,0.31,0.404762,0.535714,0.914474,0.904762
156,epoch155.pt,D:\YOLO-CV-generated\YOLOv11\runs\stage1_goldilocks\T-W11\weights\epoch155.pt,1,1,3.681567,0.2,0.32,0.404762,0.547619,0.9163,0.900794
157,epoch156.pt,D:\YOLO-CV-generated\YOLOv11\runs\stage1_goldilocks\T-W11\weights\epoch156.pt,1,1,3.700437,0.2,0.32,0.404762,0.559524,0.918322,0.89881
158,epoch157.pt,D:\YOLO-CV-generated\YOLOv11\runs\stage1_goldilocks\T-W11\weights\epoch157.pt,1,1,3.713879,0.21,0.33,0.404762,0.559524,0.918322,0.89881
159,epoch158.pt,D:\YOLO-CV-generated\YOLOv11\runs\stage1_goldilocks\T-W11\weights\epoch158.pt,1,1,3.710899,0.21,0.34,0.404762,0.559524,0.918322,0.89881
160,epoch159.pt,D:\YOLO-CV-generated\YOLOv11\runs\stage1_goldilocks\T-W11\weights\epoch159.pt,1,1,3.710415,0.21,0.34,0.404762,0.571429,0.920354,0.896825
161,epoch160.pt,D:\YOLO-CV-generated\YOLOv11\runs\stage1_goldilocks\T-W11\weights\epoch160.pt,1,1,3.713458,0.21,0.34,0.392857,0.571429,0.920354,0.896825
162,epoch161.pt,D:\YOLO-CV-generated\YOLOv11\runs\stage1_goldilocks\T-W11\weights\epoch161.pt,1,1,3.713616,0.2,0.34,0.380952,0.571429,0.920354,0.896825
163,epoch162.pt,D:\YOLO-CV-generated\YOLOv11\runs\stage1_goldilocks\T-W11\weights\epoch162.pt,1,1,3.716314,0.2,0.34,0.380952,0.571429,0.920354,0.896825
164,epoch163.pt,D:\YOLO-CV-generated\YOLOv11\runs\stage1_goldilocks\T-W11\weights\epoch163.pt,1,1,3.721339,0.18,0.35,0.357143,0.571429,0.920354,0.896825
165,epoch164.pt,D:\YOLO-CV-generated\YOLOv11\runs\stage1_goldilocks\T-W11\weights\epoch164.pt,1,1,3.716772,0.2,0.34,0.392857,0.559524,0.918322,0.89881
166,epoch165.pt,D:\YOLO-CV-generated\YOLOv11\runs\stage1_goldilocks\T-W11\weights\epoch165.pt,1,1,3.71471,0.2,0.32,0.392857,0.535714,0.914474,0.904762
167,epoch166.pt,D:\YOLO-CV-generated\YOLOv11\runs\stage1_goldilocks\T-W11\weights\epoch166.pt,1,1,3.715003,0.2,0.32,0.392857,0.535714,0.914286,0.902778
168,epoch167.pt,D:\YOLO-CV-generated\YOLOv11\runs\stage1_goldilocks\T-W11\weights\epoch167.pt,1,1,3.711445,0.2,0.31,0.392857,0.52381,0.912281,0.904762
169,epoch168.pt,D:\YOLO-CV-generated\YOLOv11\runs\stage1_goldilocks\T-W11\weights\epoch168.pt,1,1,3.709005,0.2,0.32,0.392857,0.535714,0.914286,0.902778
170,epoch169.pt,D:\YOLO-CV-generated\YOLOv11\runs\stage1_goldilocks\T-W11\weights\epoch169.pt,1,1,3.718186,0.19,0.32,0.380952,0.535714,0.914286,0.902778
171,epoch170.pt,D:\YOLO-CV-generated\YOLOv11\runs\stage1_goldilocks\T-W11\weights\epoch170.pt,1,1,3.719743,0.2,0.32,0.392857,0.535714,0.914286,0.902778
172,epoch171.pt,D:\YOLO-CV-generated\YOLOv11\runs\stage1_goldilocks\T-W11\weights\epoch171.pt,1,1,3.720736,0.2,0.33,0.404762,0.535714,0.914286,0.902778
173,epoch172.pt,D:\YOLO-CV-generated\YOLOv11\runs\stage1_goldilocks\T-W11\weights\epoch172.pt,1,1,3.721092,0.21,0.31,0.428571,0.52381,0.912281,0.904762
174,epoch173.pt,D:\YOLO-CV-generated\YOLOv11\runs\stage1_goldilocks\T-W11\weights\epoch173.pt,1,1,3.714433,0.21,0.31,0.428571,0.52381,0.912281,0.904762
175,epoch174.pt,D:\YOLO-CV-generated\YOLOv11\runs\stage1_goldilocks\T-W11\weights\epoch174.pt,1,1,3.713768,0.21,0.34,0.428571,0.547619,0.9163,0.900794
176,epoch175.pt,D:\YOLO-CV-generated\YOLOv11\runs\stage1_goldilocks\T-W11\weights\epoch175.pt,1,1,3.714968,0.21,0.34,0.428571,0.535714,0.914286,0.902778
177,epoch176.pt,D:\YOLO-CV-generated\YOLOv11\runs\stage1_goldilocks\T-W11\weights\epoch176.pt,1,1,3.716548,0.22,0.33,0.440476,0.535714,0.914286,0.902778
178,epoch177.pt,D:\YOLO-CV-generated\YOLOv11\runs\stage1_goldilocks\T-W11\weights\epoch177.pt,1,1,3.71459,0.22,0.35,0.440476,0.547619,0.9163,0.900794
179,epoch178.pt,D:\YOLO-CV-generated\YOLOv11\runs\stage1_goldilocks\T-W11\weights\epoch178.pt,1,1,3.714771,0.22,0.33,0.440476,0.535714,0.914286,0.902778
180,epoch179.pt,D:\YOLO-CV-generated\YOLOv11\runs\stage1_goldilocks\T-W11\weights\epoch179.pt,1,1,3.713439,0.22,0.32,0.440476,0.535714,0.914286,0.902778
181,epoch180.pt,D:\YOLO-CV-generated\YOLOv11\runs\stage1_goldilocks\T-W11\weights\epoch180.pt,1,1,3.711407,0.21,0.32,0.440476,0.535714,0.914286,0.902778
182,epoch181.pt,D:\YOLO-CV-generated\YOLOv11\runs\stage1_goldilocks\T-W11\weights\epoch181.pt,1,1,3.711334,0.21,0.32,0.440476,0.535714,0.914286,0.902778
183,epoch182.pt,D:\YOLO-CV-generated\YOLOv11\runs\stage1_goldilocks\T-W11\weights\epoch182.pt,1,1,3.713905,0.21,0.32,0.440476,0.535714,0.914286,0.902778
184,epoch183.pt,D:\YOLO-CV-generated\YOLOv11\runs\stage1_goldilocks\T-W11\weights\epoch183.pt,1,1,3.715369,0.23,0.32,0.452381,0.535714,0.914286,0.902778
185,epoch184.pt,D:\YOLO-CV-generated\YOLOv11\runs\stage1_goldilocks\T-W11\weights\epoch184.pt,1,1,3.716711,0.23,0.32,0.452381,0.535714,0.914286,0.902778
186,epoch185.pt,D:\YOLO-CV-generated\YOLOv11\runs\stage1_goldilocks\T-W11\weights\epoch185.pt,1,1,3.718448,0.23,0.33,0.452381,0.535714,0.914286,0.902778
187,epoch186.pt,D:\YOLO-CV-generated\YOLOv11\runs\stage1_goldilocks\T-W11\weights\epoch186.pt,1,1,3.719298,0.23,0.33,0.452381,0.535714,0.914286,0.902778
188,epoch187.pt,D:\YOLO-CV-generated\YOLOv11\runs\stage1_goldilocks\T-W11\weights\epoch187.pt,1,1,3.721887,0.23,0.33,0.452381,0.535714,0.914286,0.902778
189,epoch188.pt,D:\YOLO-CV-generated\YOLOv11\runs\stage1_goldilocks\T-W11\weights\epoch188.pt,1,1,3.724655,0.23,0.3,0.452381,0.52381,0.912281,0.904762
190,epoch189.pt,D:\YOLO-CV-generated\YOLOv11\runs\stage1_goldilocks\T-W11\weights\epoch189.pt,1,1,3.727417,0.23,0.3,0.452381,0.52381,0.912281,0.904762
191,epoch190.pt,D:\YOLO-CV-generated\YOLOv11\runs\stage1_goldilocks\T-W11\weights\epoch190.pt,1,1,3.731878,0.23,0.3,0.452381,0.52381,0.912281,0.904762
192,epoch191.pt,D:\YOLO-CV-generated\YOLOv11\runs\stage1_goldilocks\T-W11\weights\epoch191.pt,1,1,3.736207,0.23,0.31,0.452381,0.52381,0.912281,0.904762
193,epoch192.pt,D:\YOLO-CV-generated\YOLOv11\runs\stage1_goldilocks\T-W11\weights\epoch192.pt,1,1,3.741583,0.23,0.31,0.452381,0.52381,0.912281,0.904762
194,epoch193.pt,D:\YOLO-CV-generated\YOLOv11\runs\stage1_goldilocks\T-W11\weights\epoch193.pt,1,1,3.746961,0.23,0.31,0.452381,0.52381,0.912281,0.904762
195,epoch194.pt,D:\YOLO-CV-generated\YOLOv11\runs\stage1_goldilocks\T-W11\weights\epoch194.pt,1,1,3.75151,0.23,0.31,0.452381,0.52381,0.912281,0.904762
196,epoch195.pt,D:\YOLO-CV-generated\YOLOv11\runs\stage1_goldilocks\T-W11\weights\epoch195.pt,1,1,3.75404,0.23,0.31,0.452381,0.52381,0.912281,0.904762
197,epoch196.pt,D:\YOLO-CV-generated\YOLOv11\runs\stage1_goldilocks\T-W11\weights\epoch196.pt,1,1,3.75877,0.23,0.3,0.452381,0.511905,0.910284,0.906746
198,epoch197.pt,D:\YOLO-CV-generated\YOLOv11\runs\stage1_goldilocks\T-W11\weights\epoch197.pt,1,1,3.762518,0.23,0.3,0.452381,0.511905,0.910284,0.906746
199,epoch198.pt,D:\YOLO-CV-generated\YOLOv11\runs\stage1_goldilocks\T-W11\weights\epoch198.pt,1,1,3.767414,0.22,0.3,0.440476,0.511905,0.910284,0.906746
200,epoch199.pt,D:\YOLO-CV-generated\YOLOv11\runs\stage1_goldilocks\T-W11\weights\epoch199.pt,1,1,3.772518,0.22,0.3,0.440476,0.511905,0.910284,0.906746
