threshold,tpr,recall,fpr,specificity,tp,fn,fp,tn
1.01,0.0,0.0,0.0,1.0,0,600,0,120
1.0,0.0,0.0,0.0,1.0,0,600,0,120
1.0,0.013333,0.013333,0.0,1.0,8,592,0,120
1.0,0.018333,0.018333,0.0,1.0,11,589,0,120
1.0,0.023333,0.023333,0.0,1.0,14,586,0,120
1.0,0.028333,0.028333,0.0,1.0,17,583,0,120
1.0,0.03,0.03,0.0,1.0,18,582,0,120
1.0,0.03,0.03,0.0,1.0,18,582,0,120
1.0,0.031667,0.031667,0.0,1.0,19,581,0,120
1.0,0.033333,0.033333,0.0,1.0,20,580,0,120
1.0,0.035,0.035,0.0,1.0,21,579,0,120
1.0,0.038333,0.038333,0.0,1.0,23,577,0,120
1.0,0.038333,0.038333,0.0,1.0,23,577,0,120
1.0,0.04,0.04,0.0,1.0,24,576,0,120
1.0,0.043333,0.043333,0.0,1.0,26,574,0,120
1.0,0.043333,0.043333,0.0,1.0,26,574,0,120
1.0,0.046667,0.046667,0.0,1.0,28,572,0,120
1.0,0.046667,0.046667,0.0,1.0,28,572,0,120
1.0,0.05,0.05,0.0,1.0,30,570,0,120
1.0,0.051667,0.051667,0.0,1.0,31,569,0,120
1.0,0.053333,0.053333,0.0,1.0,32,568,0,120
1.0,0.055,0.055,0.0,1.0,33,567,0,120
1.0,0.056667,0.056667,0.0,1.0,34,566,0,120
1.0,0.056667,0.056667,0.0,1.0,34,566,0,120
1.0,0.06,0.06,0.0,1.0,36,564,0,120
1.0,0.061667,0.061667,0.0,1.0,37,563,0,120
1.0,0.061667,0.061667,0.0,1.0,37,563,0,120
1.0,0.065,0.065,0.0,1.0,39,561,0,120
1.0,0.065,0.065,0.0,1.0,39,561,0,120
1.0,0.068333,0.068333,0.0,1.0,41,559,0,120
1.0,0.07,0.07,0.0,1.0,42,558,0,120
1.0,0.071667,0.071667,0.0,1.0,43,557,0,120
1.0,0.073333,0.073333,0.0,1.0,44,556,0,120
1.0,0.073333,0.073333,0.0,1.0,44,556,0,120
1.0,0.076667,0.076667,0.0,1.0,46,554,0,120
1.0,0.076667,0.076667,0.0,1.0,46,554,0,120
1.0,0.08,0.08,0.0,1.0,48,552,0,120
1.0,0.081667,0.081667,0.0,1.0,49,551,0,120
1.0,0.085,0.085,0.0,1.0,51,549,0,120
1.0,0.086667,0.086667,0.0,1.0,52,548,0,120
1.0,0.086667,0.086667,0.0,1.0,52,548,0,120
1.0,0.088333,0.088333,0.0,1.0,53,547,0,120
1.0,0.091667,0.091667,0.0,1.0,55,545,0,120
1.0,0.093333,0.093333,0.0,1.0,56,544,0,120
1.0,0.095,0.095,0.0,1.0,57,543,0,120
1.0,0.095,0.095,0.0,1.0,57,543,0,120
1.0,0.098333,0.098333,0.0,1.0,59,541,0,120
1.0,0.1,0.1,0.0,1.0,60,540,0,120
1.0,0.101667,0.101667,0.0,1.0,61,539,0,120
1.0,0.103333,0.103333,0.0,1.0,62,538,0,120
1.0,0.103333,0.103333,0.0,1.0,62,538,0,120
1.0,0.105,0.105,0.0,1.0,63,537,0,120
1.0,0.106667,0.106667,0.0,1.0,64,536,0,120
1.0,0.11,0.11,0.0,1.0,66,534,0,120
1.0,0.111667,0.111667,0.0,1.0,67,533,0,120
1.0,0.113333,0.113333,0.0,1.0,68,532,0,120
1.0,0.115,0.115,0.0,1.0,69,531,0,120
1.0,0.116667,0.116667,0.0,1.0,70,530,0,120
1.0,0.116667,0.116667,0.0,1.0,70,530,0,120
1.0,0.118333,0.118333,0.0,1.0,71,529,0,120
1.0,0.121667,0.121667,0.0,1.0,73,527,0,120
1.0,0.123333,0.123333,0.0,1.0,74,526,0,120
1.0,0.123333,0.123333,0.0,1.0,74,526,0,120
1.0,0.126667,0.126667,0.0,1.0,76,524,0,120
1.0,0.126667,0.126667,0.0,1.0,76,524,0,120
1.0,0.128333,0.128333,0.0,1.0,77,523,0,120
1.0,0.13,0.13,0.0,1.0,78,522,0,120
1.0,0.133333,0.133333,0.0,1.0,80,520,0,120
1.0,0.133333,0.133333,0.0,1.0,80,520,0,120
1.0,0.135,0.135,0.0,1.0,81,519,0,120
1.0,0.138333,0.138333,0.0,1.0,83,517,0,120
1.0,0.138333,0.138333,0.0,1.0,83,517,0,120
1.0,0.141667,0.141667,0.0,1.0,85,515,0,120
1.0,0.143333,0.143333,0.0,1.0,86,514,0,120
1.0,0.145,0.145,0.0,1.0,87,513,0,120
1.0,0.146667,0.146667,0.0,1.0,88,512,0,120
1.0,0.146667,0.146667,0.0,1.0,88,512,0,120
1.0,0.15,0.15,0.0,1.0,90,510,0,120
1.0,0.15,0.15,0.0,1.0,90,510,0,120
1.0,0.153333,0.153333,0.0,1.0,92,508,0,120
1.0,0.155,0.155,0.0,1.0,93,507,0,120
1.0,0.156667,0.156667,0.0,1.0,94,506,0,120
1.0,0.158333,0.158333,0.0,1.0,95,505,0,120
1.0,0.16,0.16,0.0,1.0,96,504,0,120
1.0,0.16,0.16,0.0,1.0,96,504,0,120
1.0,0.161667,0.161667,0.0,1.0,97,503,0,120
1.0,0.163333,0.163333,0.0,1.0,98,502,0,120
1.0,0.165,0.165,0.0,1.0,99,501,0,120
1.0,0.166667,0.166667,0.0,1.0,100,500,0,120
1.0,0.17,0.17,0.0,1.0,102,498,0,120
1.0,0.171667,0.171667,0.0,1.0,103,497,0,120
1.0,0.173333,0.173333,0.0,1.0,104,496,0,120
1.0,0.175,0.175,0.0,1.0,105,495,0,120
1.0,0.175,0.175,0.0,1.0,105,495,0,120
1.0,0.176667,0.176667,0.0,1.0,106,494,0,120
1.0,0.178333,0.178333,0.0,1.0,107,493,0,120
1.0,0.181667,0.181667,0.0,1.0,109,491,0,120
1.0,0.183333,0.183333,0.0,1.0,110,490,0,120
1.0,0.185,0.185,0.0,1.0,111,489,0,120
1.0,0.186667,0.186667,0.0,1.0,112,488,0,120
1.0,0.188333,0.188333,0.0,1.0,113,487,0,120
1.0,0.19,0.19,0.0,1.0,114,486,0,120
1.0,0.191667,0.191667,0.0,1.0,115,485,0,120
1.0,0.191667,0.191667,0.0,1.0,115,485,0,120
1.0,0.193333,0.193333,0.0,1.0,116,484,0,120
1.0,0.196667,0.196667,0.0,1.0,118,482,0,120
1.0,0.196667,0.196667,0.0,1.0,118,482,0,120
1.0,0.2,0.2,0.0,1.0,120,480,0,120
1.0,0.2,0.2,0.0,1.0,120,480,0,120
1.0,0.203333,0.203333,0.0,1.0,122,478,0,120
1.0,0.203333,0.203333,0.0,1.0,122,478,0,120
1.0,0.206667,0.206667,0.0,1.0,124,476,0,120
1.0,0.208333,0.208333,0.0,1.0,125,475,0,120
1.0,0.208333,0.208333,0.0,1.0,125,475,0,120
1.0,0.211667,0.211667,0.0,1.0,127,473,0,120
1.0,0.211667,0.211667,0.0,1.0,127,473,0,120
1.0,0.213333,0.213333,0.0,1.0,128,472,0,120
1.0,0.216667,0.216667,0.0,1.0,130,470,0,120
1.0,0.216667,0.216667,0.0,1.0,130,470,0,120
1.0,0.218333,0.218333,0.0,1.0,131,469,0,120
1.0,0.22,0.22,0.0,1.0,132,468,0,120
1.0,0.221667,0.221667,0.0,1.0,133,467,0,120
1.0,0.223333,0.223333,0.0,1.0,134,466,0,120
1.0,0.226667,0.226667,0.0,1.0,136,464,0,120
1.0,0.226667,0.226667,0.0,1.0,136,464,0,120
1.0,0.228333,0.228333,0.0,1.0,137,463,0,120
1.0,0.231667,0.231667,0.0,1.0,139,461,0,120
1.0,0.233333,0.233333,0.0,1.0,140,460,0,120
1.0,0.233333,0.233333,0.0,1.0,140,460,0,120
1.0,0.235,0.235,0.0,1.0,141,459,0,120
1.0,0.238333,0.238333,0.0,1.0,143,457,0,120
1.0,0.24,0.24,0.0,1.0,144,456,0,120
1.0,0.24,0.24,0.0,1.0,144,456,0,120
1.0,0.243333,0.243333,0.0,1.0,146,454,0,120
1.0,0.245,0.245,0.0,1.0,147,453,0,120
1.0,0.246667,0.246667,0.0,1.0,148,452,0,120
1.0,0.246667,0.246667,0.0,1.0,148,452,0,120
1.0,0.25,0.25,0.0,1.0,150,450,0,120
1.0,0.251667,0.251667,0.0,1.0,151,449,0,120
1.0,0.251667,0.251667,0.0,1.0,151,449,0,120
1.0,0.253333,0.253333,0.0,1.0,152,448,0,120
1.0,0.256667,0.256667,0.0,1.0,154,446,0,120
1.0,0.258333,0.258333,0.0,1.0,155,445,0,120
1.0,0.26,0.26,0.0,1.0,156,444,0,120
1.0,0.261667,0.261667,0.0,1.0,157,443,0,120
1.0,0.261667,0.261667,0.0,1.0,157,443,0,120
1.0,0.265,0.265,0.0,1.0,159,441,0,120
1.0,0.266667,0.266667,0.0,1.0,160,440,0,120
1.0,0.266667,0.266667,0.0,1.0,160,440,0,120
1.0,0.27,0.27,0.0,1.0,162,438,0,120
1.0,0.271667,0.271667,0.0,1.0,163,437,0,120
1.0,0.271667,0.271667,0.0,1.0,163,437,0,120
1.0,0.273333,0.273333,0.0,1.0,164,436,0,120
1.0,0.275,0.275,0.008333,0.991667,165,435,1,119
1.0,0.275,0.275,0.008333,0.991667,165,435,1,119
1.0,0.276667,0.276667,0.008333,0.991667,166,434,1,119
1.0,0.278333,0.278333,0.008333,0.991667,167,433,1,119
1.0,0.28,0.28,0.008333,0.991667,168,432,1,119
1.0,0.283333,0.283333,0.008333,0.991667,170,430,1,119
1.0,0.285,0.285,0.008333,0.991667,171,429,1,119
1.0,0.286667,0.286667,0.008333,0.991667,172,428,1,119
1.0,0.286667,0.286667,0.008333,0.991667,172,428,1,119
1.0,0.288333,0.288333,0.008333,0.991667,173,427,1,119
1.0,0.291667,0.291667,0.008333,0.991667,175,425,1,119
1.0,0.291667,0.291667,0.008333,0.991667,175,425,1,119
1.0,0.293333,0.293333,0.008333,0.991667,176,424,1,119
1.0,0.296667,0.296667,0.008333,0.991667,178,422,1,119
1.0,0.296667,0.296667,0.008333,0.991667,178,422,1,119
1.0,0.3,0.3,0.008333,0.991667,180,420,1,119
1.0,0.3,0.3,0.008333,0.991667,180,420,1,119
1.0,0.301667,0.301667,0.008333,0.991667,181,419,1,119
1.0,0.303333,0.303333,0.008333,0.991667,182,418,1,119
1.0,0.306667,0.306667,0.008333,0.991667,184,416,1,119
1.0,0.306667,0.306667,0.008333,0.991667,184,416,1,119
1.0,0.308333,0.308333,0.008333,0.991667,185,415,1,119
1.0,0.31,0.31,0.008333,0.991667,186,414,1,119
1.0,0.313333,0.313333,0.008333,0.991667,188,412,1,119
1.0,0.313333,0.313333,0.008333,0.991667,188,412,1,119
1.0,0.315,0.315,0.016667,0.983333,189,411,2,118
1.0,0.316667,0.316667,0.016667,0.983333,190,410,2,118
1.0,0.318333,0.318333,0.016667,0.983333,191,409,2,118
1.0,0.32,0.32,0.016667,0.983333,192,408,2,118
1.0,0.321667,0.321667,0.016667,0.983333,193,407,2,118
1.0,0.321667,0.321667,0.016667,0.983333,193,407,2,118
1.0,0.323333,0.323333,0.016667,0.983333,194,406,2,118
1.0,0.326667,0.326667,0.016667,0.983333,196,404,2,118
1.0,0.328333,0.328333,0.016667,0.983333,197,403,2,118
1.0,0.328333,0.328333,0.016667,0.983333,197,403,2,118
1.0,0.331667,0.331667,0.016667,0.983333,199,401,2,118
1.0,0.331667,0.331667,0.016667,0.983333,199,401,2,118
1.0,0.335,0.335,0.016667,0.983333,201,399,2,118
1.0,0.335,0.335,0.016667,0.983333,201,399,2,118
1.0,0.338333,0.338333,0.016667,0.983333,203,397,2,118
1.0,0.338333,0.338333,0.016667,0.983333,203,397,2,118
1.0,0.34,0.34,0.016667,0.983333,204,396,2,118
1.0,0.343333,0.343333,0.016667,0.983333,206,394,2,118
1.0,0.345,0.345,0.016667,0.983333,207,393,2,118
1.0,0.346667,0.346667,0.016667,0.983333,208,392,2,118
1.0,0.348333,0.348333,0.016667,0.983333,209,391,2,118
1.0,0.348333,0.348333,0.016667,0.983333,209,391,2,118
1.0,0.35,0.35,0.016667,0.983333,210,390,2,118
1.0,0.351667,0.351667,0.016667,0.983333,211,389,2,118
1.0,0.353333,0.353333,0.016667,0.983333,212,388,2,118
1.0,0.356667,0.356667,0.016667,0.983333,214,386,2,118
1.0,0.358333,0.358333,0.016667,0.983333,215,385,2,118
1.0,0.36,0.36,0.016667,0.983333,216,384,2,118
1.0,0.361667,0.361667,0.016667,0.983333,217,383,2,118
1.0,0.363333,0.363333,0.016667,0.983333,218,382,2,118
1.0,0.363333,0.363333,0.016667,0.983333,218,382,2,118
1.0,0.366667,0.366667,0.016667,0.983333,220,380,2,118
1.0,0.368333,0.368333,0.016667,0.983333,221,379,2,118
0.999999,0.37,0.37,0.016667,0.983333,222,378,2,118
0.999999,0.37,0.37,0.016667,0.983333,222,378,2,118
0.999999,0.373333,0.373333,0.016667,0.983333,224,376,2,118
0.999999,0.373333,0.373333,0.025,0.975,224,376,3,117
0.999999,0.375,0.375,0.025,0.975,225,375,3,117
0.999999,0.376667,0.376667,0.025,0.975,226,374,3,117
0.999999,0.376667,0.376667,0.025,0.975,226,374,3,117
0.999999,0.38,0.38,0.025,0.975,228,372,3,117
0.999999,0.381667,0.381667,0.025,0.975,229,371,3,117
0.999999,0.381667,0.381667,0.025,0.975,229,371,3,117
0.999999,0.385,0.385,0.025,0.975,231,369,3,117
0.999999,0.386667,0.386667,0.025,0.975,232,368,3,117
0.999999,0.386667,0.386667,0.025,0.975,232,368,3,117
0.999999,0.388333,0.388333,0.025,0.975,233,367,3,117
0.999999,0.391667,0.391667,0.025,0.975,235,365,3,117
0.999999,0.393333,0.393333,0.025,0.975,236,364,3,117
0.999999,0.393333,0.393333,0.025,0.975,236,364,3,117
0.999999,0.395,0.395,0.025,0.975,237,363,3,117
0.999999,0.396667,0.396667,0.025,0.975,238,362,3,117
0.999999,0.4,0.4,0.025,0.975,240,360,3,117
0.999999,0.4,0.4,0.025,0.975,240,360,3,117
0.999999,0.401667,0.401667,0.025,0.975,241,359,3,117
0.999999,0.405,0.405,0.025,0.975,243,357,3,117
0.999999,0.406667,0.406667,0.025,0.975,244,356,3,117
0.999999,0.408333,0.408333,0.025,0.975,245,355,3,117
0.999999,0.408333,0.408333,0.025,0.975,245,355,3,117
0.999999,0.411667,0.411667,0.025,0.975,247,353,3,117
0.999999,0.413333,0.413333,0.025,0.975,248,352,3,117
0.999999,0.415,0.415,0.025,0.975,249,351,3,117
0.999999,0.416667,0.416667,0.025,0.975,250,350,3,117
0.999999,0.418333,0.418333,0.025,0.975,251,349,3,117
0.999999,0.42,0.42,0.025,0.975,252,348,3,117
0.999999,0.421667,0.421667,0.025,0.975,253,347,3,117
0.999999,0.423333,0.423333,0.025,0.975,254,346,3,117
0.999999,0.425,0.425,0.025,0.975,255,345,3,117
0.999999,0.425,0.425,0.025,0.975,255,345,3,117
0.999999,0.426667,0.426667,0.025,0.975,256,344,3,117
0.999999,0.43,0.43,0.025,0.975,258,342,3,117
0.999998,0.43,0.43,0.025,0.975,258,342,3,117
0.999998,0.433333,0.433333,0.025,0.975,260,340,3,117
0.999998,0.435,0.435,0.025,0.975,261,339,3,117
0.999998,0.436667,0.436667,0.025,0.975,262,338,3,117
0.999998,0.436667,0.436667,0.025,0.975,262,338,3,117
0.999998,0.438333,0.438333,0.025,0.975,263,337,3,117
0.999998,0.441667,0.441667,0.025,0.975,265,335,3,117
0.999998,0.443333,0.443333,0.025,0.975,266,334,3,117
0.999998,0.443333,0.443333,0.025,0.975,266,334,3,117
0.999998,0.446667,0.446667,0.025,0.975,268,332,3,117
0.999998,0.448333,0.448333,0.025,0.975,269,331,3,117
0.999998,0.448333,0.448333,0.025,0.975,269,331,3,117
0.999998,0.45,0.45,0.025,0.975,270,330,3,117
0.999998,0.453333,0.453333,0.025,0.975,272,328,3,117
0.999998,0.453333,0.453333,0.025,0.975,272,328,3,117
0.999998,0.455,0.455,0.025,0.975,273,327,3,117
0.999998,0.456667,0.456667,0.025,0.975,274,326,3,117
0.999998,0.46,0.46,0.025,0.975,276,324,3,117
0.999997,0.461667,0.461667,0.025,0.975,277,323,3,117
0.999997,0.463333,0.463333,0.025,0.975,278,322,3,117
0.999997,0.465,0.465,0.025,0.975,279,321,3,117
0.999997,0.466667,0.466667,0.025,0.975,280,320,3,117
0.999997,0.466667,0.466667,0.025,0.975,280,320,3,117
0.999997,0.468333,0.468333,0.025,0.975,281,319,3,117
0.999997,0.47,0.47,0.025,0.975,282,318,3,117
0.999997,0.473333,0.473333,0.025,0.975,284,316,3,117
0.999997,0.473333,0.473333,0.025,0.975,284,316,3,117
0.999997,0.476667,0.476667,0.025,0.975,286,314,3,117
0.999997,0.478333,0.478333,0.025,0.975,287,313,3,117
0.999996,0.478333,0.478333,0.025,0.975,287,313,3,117
0.999996,0.481667,0.481667,0.025,0.975,289,311,3,117
0.999996,0.481667,0.481667,0.025,0.975,289,311,3,117
0.999996,0.483333,0.483333,0.025,0.975,290,310,3,117
0.999996,0.485,0.485,0.025,0.975,291,309,3,117
0.999996,0.486667,0.486667,0.025,0.975,292,308,3,117
0.999996,0.49,0.49,0.025,0.975,294,306,3,117
0.999996,0.49,0.49,0.025,0.975,294,306,3,117
0.999996,0.493333,0.493333,0.025,0.975,296,304,3,117
0.999996,0.495,0.495,0.025,0.975,297,303,3,117
0.999995,0.496667,0.496667,0.025,0.975,298,302,3,117
0.999995,0.498333,0.498333,0.025,0.975,299,301,3,117
0.999995,0.498333,0.498333,0.025,0.975,299,301,3,117
0.999995,0.5,0.5,0.025,0.975,300,300,3,117
0.999995,0.503333,0.503333,0.025,0.975,302,298,3,117
0.999995,0.505,0.505,0.025,0.975,303,297,3,117
0.999995,0.505,0.505,0.033333,0.966667,303,297,4,116
0.999995,0.506667,0.506667,0.033333,0.966667,304,296,4,116
0.999995,0.508333,0.508333,0.033333,0.966667,305,295,4,116
0.999995,0.508333,0.508333,0.033333,0.966667,305,295,4,116
0.999994,0.51,0.51,0.033333,0.966667,306,294,4,116
0.999994,0.513333,0.513333,0.033333,0.966667,308,292,4,116
0.999994,0.513333,0.513333,0.033333,0.966667,308,292,4,116
0.999994,0.515,0.515,0.033333,0.966667,309,291,4,116
0.999994,0.516667,0.516667,0.033333,0.966667,310,290,4,116
0.999994,0.518333,0.518333,0.033333,0.966667,311,289,4,116
0.999994,0.521667,0.521667,0.033333,0.966667,313,287,4,116
0.999993,0.523333,0.523333,0.033333,0.966667,314,286,4,116
0.999993,0.525,0.525,0.033333,0.966667,315,285,4,116
0.999993,0.526667,0.526667,0.033333,0.966667,316,284,4,116
0.999992,0.526667,0.526667,0.033333,0.966667,316,284,4,116
0.999992,0.53,0.53,0.033333,0.966667,318,282,4,116
0.999991,0.531667,0.531667,0.033333,0.966667,319,281,4,116
0.999991,0.533333,0.533333,0.033333,0.966667,320,280,4,116
0.999991,0.535,0.535,0.033333,0.966667,321,279,4,116
0.999991,0.536667,0.536667,0.033333,0.966667,322,278,4,116
0.999991,0.538333,0.538333,0.033333,0.966667,323,277,4,116
0.999991,0.538333,0.538333,0.033333,0.966667,323,277,4,116
0.99999,0.54,0.54,0.033333,0.966667,324,276,4,116
0.99999,0.543333,0.543333,0.033333,0.966667,326,274,4,116
0.99999,0.543333,0.543333,0.033333,0.966667,326,274,4,116
0.99999,0.545,0.545,0.033333,0.966667,327,273,4,116
0.99999,0.548333,0.548333,0.033333,0.966667,329,271,4,116
0.999989,0.55,0.55,0.033333,0.966667,330,270,4,116
0.999989,0.551667,0.551667,0.033333,0.966667,331,269,4,116
0.999989,0.553333,0.553333,0.033333,0.966667,332,268,4,116
0.999988,0.555,0.555,0.033333,0.966667,333,267,4,116
0.999988,0.556667,0.556667,0.033333,0.966667,334,266,4,116
0.999988,0.556667,0.556667,0.033333,0.966667,334,266,4,116
0.999987,0.56,0.56,0.033333,0.966667,336,264,4,116
0.999987,0.561667,0.561667,0.033333,0.966667,337,263,4,116
0.999987,0.563333,0.563333,0.033333,0.966667,338,262,4,116
0.999986,0.565,0.565,0.033333,0.966667,339,261,4,116
0.999986,0.566667,0.566667,0.033333,0.966667,340,260,4,116
0.999986,0.566667,0.566667,0.033333,0.966667,340,260,4,116
0.999986,0.568333,0.568333,0.033333,0.966667,341,259,4,116
0.999985,0.571667,0.571667,0.033333,0.966667,343,257,4,116
0.999985,0.573333,0.573333,0.033333,0.966667,344,256,4,116
0.999984,0.573333,0.573333,0.033333,0.966667,344,256,4,116
0.999984,0.575,0.575,0.033333,0.966667,345,255,4,116
0.999984,0.578333,0.578333,0.033333,0.966667,347,253,4,116
0.999983,0.578333,0.578333,0.033333,0.966667,347,253,4,116
0.999983,0.581667,0.581667,0.033333,0.966667,349,251,4,116
0.999983,0.583333,0.583333,0.033333,0.966667,350,250,4,116
0.999983,0.583333,0.583333,0.033333,0.966667,350,250,4,116
0.999982,0.586667,0.586667,0.033333,0.966667,352,248,4,116
0.999981,0.588333,0.588333,0.033333,0.966667,353,247,4,116
0.999981,0.588333,0.588333,0.033333,0.966667,353,247,4,116
0.999981,0.591667,0.591667,0.033333,0.966667,355,245,4,116
0.999981,0.591667,0.591667,0.033333,0.966667,355,245,4,116
0.99998,0.595,0.595,0.033333,0.966667,357,243,4,116
0.99998,0.596667,0.596667,0.033333,0.966667,358,242,4,116
0.999979,0.598333,0.598333,0.033333,0.966667,359,241,4,116
0.999979,0.6,0.6,0.033333,0.966667,360,240,4,116
0.999978,0.6,0.6,0.033333,0.966667,360,240,4,116
0.999977,0.601667,0.601667,0.033333,0.966667,361,239,4,116
0.999977,0.605,0.605,0.033333,0.966667,363,237,4,116
0.999976,0.606667,0.606667,0.033333,0.966667,364,236,4,116
0.999974,0.606667,0.606667,0.033333,0.966667,364,236,4,116
0.999974,0.61,0.61,0.033333,0.966667,366,234,4,116
0.999972,0.611667,0.611667,0.033333,0.966667,367,233,4,116
0.99997,0.611667,0.611667,0.041667,0.958333,367,233,5,115
0.999969,0.613333,0.613333,0.041667,0.958333,368,232,5,115
0.999967,0.615,0.615,0.041667,0.958333,369,231,5,115
0.999967,0.615,0.615,0.041667,0.958333,369,231,5,115
0.999966,0.618333,0.618333,0.041667,0.958333,371,229,5,115
0.999965,0.62,0.62,0.041667,0.958333,372,228,5,115
0.999965,0.621667,0.621667,0.041667,0.958333,373,227,5,115
0.999963,0.621667,0.621667,0.041667,0.958333,373,227,5,115
0.999962,0.623333,0.623333,0.041667,0.958333,374,226,5,115
0.999962,0.625,0.625,0.041667,0.958333,375,225,5,115
0.99996,0.628333,0.628333,0.041667,0.958333,377,223,5,115
0.999959,0.63,0.63,0.041667,0.958333,378,222,5,115
0.999958,0.63,0.63,0.041667,0.958333,378,222,5,115
0.999958,0.633333,0.633333,0.041667,0.958333,380,220,5,115
0.999957,0.635,0.635,0.041667,0.958333,381,219,5,115
0.999956,0.636667,0.636667,0.041667,0.958333,382,218,5,115
0.999953,0.638333,0.638333,0.041667,0.958333,383,217,5,115
0.999953,0.64,0.64,0.041667,0.958333,384,216,5,115
0.999952,0.64,0.64,0.041667,0.958333,384,216,5,115
0.99995,0.643333,0.643333,0.041667,0.958333,386,214,5,115
0.999948,0.643333,0.643333,0.041667,0.958333,386,214,5,115
0.999948,0.645,0.645,0.041667,0.958333,387,213,5,115
0.999946,0.648333,0.648333,0.041667,0.958333,389,211,5,115
0.999944,0.648333,0.648333,0.041667,0.958333,389,211,5,115
0.999944,0.65,0.65,0.041667,0.958333,390,210,5,115
0.999943,0.653333,0.653333,0.041667,0.958333,392,208,5,115
0.999943,0.653333,0.653333,0.041667,0.958333,392,208,5,115
0.999939,0.655,0.655,0.041667,0.958333,393,207,5,115
0.999939,0.656667,0.656667,0.041667,0.958333,394,206,5,115
0.999935,0.658333,0.658333,0.041667,0.958333,395,205,5,115
0.999933,0.661667,0.661667,0.041667,0.958333,397,203,5,115
0.999932,0.661667,0.661667,0.041667,0.958333,397,203,5,115
0.999926,0.665,0.665,0.041667,0.958333,399,201,5,115
0.999925,0.666667,0.666667,0.041667,0.958333,400,200,5,115
0.999924,0.666667,0.666667,0.041667,0.958333,400,200,5,115
0.999921,0.668333,0.668333,0.041667,0.958333,401,199,5,115
0.999916,0.671667,0.671667,0.041667,0.958333,403,197,5,115
0.999914,0.673333,0.673333,0.041667,0.958333,404,196,5,115
0.999912,0.673333,0.673333,0.041667,0.958333,404,196,5,115
0.999904,0.675,0.675,0.041667,0.958333,405,195,5,115
0.999903,0.676667,0.676667,0.041667,0.958333,406,194,5,115
0.9999,0.678333,0.678333,0.05,0.95,407,193,6,114
0.999899,0.68,0.68,0.05,0.95,408,192,6,114
0.999898,0.681667,0.681667,0.05,0.95,409,191,6,114
0.999898,0.681667,0.681667,0.05,0.95,409,191,6,114
0.999893,0.683333,0.683333,0.05,0.95,410,190,6,114
0.999893,0.686667,0.686667,0.05,0.95,412,188,6,114
0.999889,0.688333,0.688333,0.05,0.95,413,187,6,114
0.999887,0.688333,0.688333,0.05,0.95,413,187,6,114
0.999886,0.69,0.69,0.05,0.95,414,186,6,114
0.999884,0.693333,0.693333,0.05,0.95,416,184,6,114
0.99988,0.693333,0.693333,0.05,0.95,416,184,6,114
0.999876,0.695,0.695,0.05,0.95,417,183,6,114
0.999875,0.698333,0.698333,0.05,0.95,419,181,6,114
0.999871,0.7,0.7,0.05,0.95,420,180,6,114
0.99986,0.7,0.7,0.05,0.95,420,180,6,114
0.999853,0.701667,0.701667,0.05,0.95,421,179,6,114
0.999851,0.705,0.705,0.05,0.95,423,177,6,114
0.999849,0.706667,0.706667,0.05,0.95,424,176,6,114
0.999846,0.706667,0.706667,0.05,0.95,424,176,6,114
0.999844,0.71,0.71,0.05,0.95,426,174,6,114
0.999841,0.711667,0.711667,0.05,0.95,427,173,6,114
0.999836,0.711667,0.711667,0.05,0.95,427,173,6,114
0.999828,0.715,0.715,0.05,0.95,429,171,6,114
0.999812,0.716667,0.716667,0.05,0.95,430,170,6,114
0.999806,0.716667,0.716667,0.058333,0.941667,430,170,7,113
0.999802,0.716667,0.716667,0.058333,0.941667,430,170,7,113
0.999799,0.72,0.72,0.058333,0.941667,432,168,7,113
0.999782,0.721667,0.721667,0.058333,0.941667,433,167,7,113
0.99978,0.723333,0.723333,0.058333,0.941667,434,166,7,113
0.999769,0.725,0.725,0.058333,0.941667,435,165,7,113
0.999766,0.726667,0.726667,0.058333,0.941667,436,164,7,113
0.999758,0.726667,0.726667,0.058333,0.941667,436,164,7,113
0.999745,0.728333,0.728333,0.058333,0.941667,437,163,7,113
0.999701,0.728333,0.728333,0.075,0.925,437,163,9,111
0.999671,0.728333,0.728333,0.075,0.925,437,163,9,111
0.999658,0.731667,0.731667,0.075,0.925,439,161,9,111
0.999652,0.731667,0.731667,0.083333,0.916667,439,161,10,110
0.999634,0.731667,0.731667,0.083333,0.916667,439,161,10,110
0.999626,0.735,0.735,0.083333,0.916667,441,159,10,110
0.999626,0.735,0.735,0.083333,0.916667,441,159,10,110
0.999607,0.738333,0.738333,0.083333,0.916667,443,157,10,110
0.999601,0.738333,0.738333,0.083333,0.916667,443,157,10,110
0.999594,0.74,0.74,0.083333,0.916667,444,156,10,110
0.999576,0.741667,0.741667,0.083333,0.916667,445,155,10,110
0.999576,0.745,0.745,0.083333,0.916667,447,153,10,110
0.999555,0.745,0.745,0.083333,0.916667,447,153,10,110
0.999549,0.748333,0.748333,0.083333,0.916667,449,151,10,110
0.999549,0.75,0.75,0.083333,0.916667,450,150,10,110
0.999539,0.751667,0.751667,0.083333,0.916667,451,149,10,110
0.999524,0.751667,0.751667,0.083333,0.916667,451,149,10,110
0.99952,0.753333,0.753333,0.083333,0.916667,452,148,10,110
0.999519,0.756667,0.756667,0.083333,0.916667,454,146,10,110
0.999502,0.756667,0.756667,0.083333,0.916667,454,146,10,110
0.99947,0.76,0.76,0.083333,0.916667,456,144,10,110
0.999466,0.76,0.76,0.083333,0.916667,456,144,10,110
0.99946,0.763333,0.763333,0.083333,0.916667,458,142,10,110
0.999421,0.765,0.765,0.083333,0.916667,459,141,10,110
0.999392,0.765,0.765,0.083333,0.916667,459,141,10,110
0.999361,0.768333,0.768333,0.083333,0.916667,461,139,10,110
0.999345,0.768333,0.768333,0.083333,0.916667,461,139,10,110
0.999295,0.77,0.77,0.083333,0.916667,462,138,10,110
0.999282,0.773333,0.773333,0.083333,0.916667,464,136,10,110
0.999217,0.775,0.775,0.083333,0.916667,465,135,10,110
0.999205,0.776667,0.776667,0.083333,0.916667,466,134,10,110
0.999203,0.776667,0.776667,0.083333,0.916667,466,134,10,110
0.999175,0.778333,0.778333,0.083333,0.916667,467,133,10,110
0.999165,0.78,0.78,0.083333,0.916667,468,132,10,110
0.999138,0.781667,0.781667,0.083333,0.916667,469,131,10,110
0.999121,0.785,0.785,0.083333,0.916667,471,129,10,110
0.999037,0.785,0.785,0.083333,0.916667,471,129,10,110
0.999032,0.786667,0.786667,0.083333,0.916667,472,128,10,110
0.999015,0.79,0.79,0.083333,0.916667,474,126,10,110
0.998998,0.79,0.79,0.083333,0.916667,474,126,10,110
0.998972,0.79,0.79,0.091667,0.908333,474,126,11,109
0.998929,0.791667,0.791667,0.091667,0.908333,475,125,11,109
0.998905,0.795,0.795,0.091667,0.908333,477,123,11,109
0.998897,0.796667,0.796667,0.091667,0.908333,478,122,11,109
0.998892,0.796667,0.796667,0.091667,0.908333,478,122,11,109
0.998877,0.8,0.8,0.091667,0.908333,480,120,11,109
0.998843,0.8,0.8,0.091667,0.908333,480,120,11,109
0.998817,0.801667,0.801667,0.1,0.9,481,119,12,108
0.9988,0.803333,0.803333,0.1,0.9,482,118,12,108
0.998779,0.805,0.805,0.1,0.9,483,117,12,108
0.998719,0.805,0.805,0.1,0.9,483,117,12,108
0.998705,0.808333,0.808333,0.1,0.9,485,115,12,108
0.998546,0.808333,0.808333,0.1,0.9,485,115,12,108
0.998535,0.811667,0.811667,0.1,0.9,487,113,12,108
0.998507,0.813333,0.813333,0.1,0.9,488,112,12,108
0.998477,0.813333,0.813333,0.1,0.9,488,112,12,108
0.998447,0.815,0.815,0.1,0.9,489,111,12,108
0.998426,0.816667,0.816667,0.1,0.9,490,110,12,108
0.99832,0.82,0.82,0.1,0.9,492,108,12,108
0.998307,0.82,0.82,0.1,0.9,492,108,12,108
0.998286,0.823333,0.823333,0.1,0.9,494,106,12,108
0.9982,0.825,0.825,0.1,0.9,495,105,12,108
0.998173,0.825,0.825,0.1,0.9,495,105,12,108
0.997984,0.826667,0.826667,0.108333,0.891667,496,104,13,107
0.997955,0.828333,0.828333,0.108333,0.891667,497,103,13,107
0.997946,0.828333,0.828333,0.108333,0.891667,497,103,13,107
0.997891,0.83,0.83,0.108333,0.891667,498,102,13,107
0.997863,0.833333,0.833333,0.108333,0.891667,500,100,13,107
0.99785,0.835,0.835,0.108333,0.891667,501,99,13,107
0.997832,0.835,0.835,0.108333,0.891667,501,99,13,107
0.997767,0.836667,0.836667,0.116667,0.883333,502,98,14,106
0.997711,0.838333,0.838333,0.116667,0.883333,503,97,14,106
0.997576,0.84,0.84,0.116667,0.883333,504,96,14,106
0.997419,0.84,0.84,0.116667,0.883333,504,96,14,106
0.997417,0.84,0.84,0.125,0.875,504,96,15,105
0.997049,0.843333,0.843333,0.125,0.875,506,94,15,105
0.996605,0.843333,0.843333,0.125,0.875,506,94,15,105
0.996088,0.845,0.845,0.125,0.875,507,93,15,105
0.99595,0.848333,0.848333,0.125,0.875,509,91,15,105
0.995883,0.85,0.85,0.125,0.875,510,90,15,105
0.995789,0.85,0.85,0.125,0.875,510,90,15,105
0.995741,0.851667,0.851667,0.125,0.875,511,89,15,105
0.995656,0.851667,0.851667,0.133333,0.866667,511,89,16,104
0.995638,0.851667,0.851667,0.141667,0.858333,511,89,17,103
0.995578,0.855,0.855,0.141667,0.858333,513,87,17,103
0.9951,0.856667,0.856667,0.141667,0.858333,514,86,17,103
0.994722,0.858333,0.858333,0.141667,0.858333,515,85,17,103
0.994508,0.858333,0.858333,0.141667,0.858333,515,85,17,103
0.994297,0.861667,0.861667,0.141667,0.858333,517,83,17,103
0.994216,0.861667,0.861667,0.141667,0.858333,517,83,17,103
0.994098,0.863333,0.863333,0.141667,0.858333,518,82,17,103
0.994009,0.865,0.865,0.141667,0.858333,519,81,17,103
0.993611,0.866667,0.866667,0.15,0.85,520,80,18,102
0.993055,0.866667,0.866667,0.15,0.85,520,80,18,102
0.991996,0.868333,0.868333,0.15,0.85,521,79,18,102
0.991915,0.871667,0.871667,0.15,0.85,523,77,18,102
0.990922,0.871667,0.871667,0.158333,0.841667,523,77,19,101
0.990735,0.871667,0.871667,0.166667,0.833333,523,77,20,100
0.990472,0.871667,0.871667,0.166667,0.833333,523,77,20,100
0.990374,0.875,0.875,0.166667,0.833333,525,75,20,100
0.989404,0.875,0.875,0.166667,0.833333,525,75,20,100
0.989175,0.878333,0.878333,0.166667,0.833333,527,73,20,100
0.98899,0.878333,0.878333,0.166667,0.833333,527,73,20,100
0.986114,0.881667,0.881667,0.166667,0.833333,529,71,20,100
0.985656,0.881667,0.881667,0.166667,0.833333,529,71,20,100
0.985243,0.885,0.885,0.166667,0.833333,531,69,20,100
0.984393,0.886667,0.886667,0.166667,0.833333,532,68,20,100
0.984367,0.886667,0.886667,0.166667,0.833333,532,68,20,100
0.983359,0.888333,0.888333,0.166667,0.833333,533,67,20,100
0.983335,0.891667,0.891667,0.166667,0.833333,535,65,20,100
0.983304,0.893333,0.893333,0.166667,0.833333,536,64,20,100
0.983279,0.895,0.895,0.166667,0.833333,537,63,20,100
0.982652,0.895,0.895,0.166667,0.833333,537,63,20,100
0.982578,0.895,0.895,0.183333,0.816667,537,63,22,98
0.982498,0.895,0.895,0.183333,0.816667,537,63,22,98
0.98145,0.898333,0.898333,0.183333,0.816667,539,61,22,98
0.980736,0.898333,0.898333,0.183333,0.816667,539,61,22,98
0.978684,0.901667,0.901667,0.183333,0.816667,541,59,22,98
0.978602,0.901667,0.901667,0.183333,0.816667,541,59,22,98
0.977727,0.903333,0.903333,0.183333,0.816667,542,58,22,98
0.976807,0.906667,0.906667,0.183333,0.816667,544,56,22,98
0.976756,0.908333,0.908333,0.183333,0.816667,545,55,22,98
0.972941,0.91,0.91,0.183333,0.816667,546,54,22,98
0.971253,0.91,0.91,0.183333,0.816667,546,54,22,98
0.970294,0.911667,0.911667,0.183333,0.816667,547,53,22,98
0.968293,0.913333,0.913333,0.183333,0.816667,548,52,22,98
0.967926,0.915,0.915,0.183333,0.816667,549,51,22,98
0.964994,0.918333,0.918333,0.183333,0.816667,551,49,22,98
0.964536,0.92,0.92,0.183333,0.816667,552,48,22,98
0.96429,0.92,0.92,0.183333,0.816667,552,48,22,98
0.962693,0.921667,0.921667,0.191667,0.808333,553,47,23,97
0.962256,0.923333,0.923333,0.191667,0.808333,554,46,23,97
0.96039,0.923333,0.923333,0.191667,0.808333,554,46,23,97
0.958593,0.923333,0.923333,0.2,0.8,554,46,24,96
0.957975,0.926667,0.926667,0.2,0.8,556,44,24,96
0.955232,0.926667,0.926667,0.2,0.8,556,44,24,96
0.948187,0.928333,0.928333,0.208333,0.791667,557,43,25,95
0.945981,0.928333,0.928333,0.208333,0.791667,557,43,25,95
0.937439,0.93,0.93,0.216667,0.783333,558,42,26,94
0.932286,0.93,0.93,0.216667,0.783333,558,42,26,94
0.921178,0.931667,0.931667,0.216667,0.783333,559,41,26,94
0.916887,0.935,0.935,0.216667,0.783333,561,39,26,94
0.916541,0.935,0.935,0.216667,0.783333,561,39,26,94
0.908904,0.936667,0.936667,0.216667,0.783333,562,38,26,94
0.888529,0.94,0.94,0.216667,0.783333,564,36,26,94
0.884664,0.941667,0.941667,0.216667,0.783333,565,35,26,94
0.880299,0.941667,0.941667,0.216667,0.783333,565,35,26,94
0.877217,0.943333,0.943333,0.216667,0.783333,566,34,26,94
0.868609,0.945,0.945,0.216667,0.783333,567,33,26,94
0.868232,0.946667,0.946667,0.216667,0.783333,568,32,26,94
0.86363,0.948333,0.948333,0.216667,0.783333,569,31,26,94
0.836565,0.95,0.95,0.225,0.775,570,30,27,93
0.825903,0.951667,0.951667,0.225,0.775,571,29,27,93
0.809682,0.951667,0.951667,0.225,0.775,571,29,27,93
0.760769,0.953333,0.953333,0.233333,0.766667,572,28,28,92
0.757643,0.953333,0.953333,0.233333,0.766667,572,28,28,92
0.750355,0.955,0.955,0.233333,0.766667,573,27,28,92
0.741048,0.958333,0.958333,0.233333,0.766667,575,25,28,92
0.740113,0.96,0.96,0.233333,0.766667,576,24,28,92
0.738898,0.96,0.96,0.241667,0.758333,576,24,29,91
0.732921,0.961667,0.961667,0.241667,0.758333,577,23,29,91
0.726076,0.961667,0.961667,0.241667,0.758333,577,23,29,91
0.725661,0.963333,0.963333,0.241667,0.758333,578,22,29,91
0.700491,0.963333,0.963333,0.25,0.75,578,22,30,90
0.677495,0.965,0.965,0.258333,0.741667,579,21,31,89
0.675328,0.965,0.965,0.266667,0.733333,579,21,32,88
0.672549,0.965,0.965,0.266667,0.733333,579,21,32,88
0.664728,0.966667,0.966667,0.275,0.725,580,20,33,87
0.645485,0.968333,0.968333,0.275,0.725,581,19,33,87
0.644886,0.968333,0.968333,0.283333,0.716667,581,19,34,86
0.638284,0.97,0.97,0.283333,0.716667,582,18,34,86
0.614616,0.97,0.97,0.283333,0.716667,582,18,34,86
0.608232,0.973333,0.973333,0.283333,0.716667,584,16,34,86
0.602627,0.975,0.975,0.283333,0.716667,585,15,34,86
0.56578,0.975,0.975,0.291667,0.708333,585,15,35,85
0.548832,0.975,0.975,0.3,0.7,585,15,36,84
0.523941,0.975,0.975,0.3,0.7,585,15,36,84
0.483341,0.975,0.975,0.308333,0.691667,585,15,37,83
0.455155,0.975,0.975,0.325,0.675,585,15,39,81
0.444599,0.975,0.975,0.325,0.675,585,15,39,81
0.42923,0.975,0.975,0.341667,0.658333,585,15,41,79
0.427545,0.975,0.975,0.341667,0.658333,585,15,41,79
0.394616,0.978333,0.978333,0.341667,0.658333,587,13,41,79
0.392212,0.98,0.98,0.341667,0.658333,588,12,41,79
0.367762,0.98,0.98,0.341667,0.658333,588,12,41,79
0.272376,0.981667,0.981667,0.341667,0.658333,589,11,41,79
0.236554,0.983333,0.983333,0.35,0.65,590,10,42,78
0.232505,0.983333,0.983333,0.35,0.65,590,10,42,78
0.192688,0.983333,0.983333,0.366667,0.633333,590,10,44,76
0.189721,0.985,0.985,0.366667,0.633333,591,9,44,76
0.141789,0.985,0.985,0.366667,0.633333,591,9,44,76
0.122624,0.986667,0.986667,0.375,0.625,592,8,45,75
0.120093,0.986667,0.986667,0.375,0.625,592,8,45,75
0.111397,0.986667,0.986667,0.391667,0.608333,592,8,47,73
0.104737,0.986667,0.986667,0.4,0.6,592,8,48,72
0.098315,0.986667,0.986667,0.408333,0.591667,592,8,49,71
0.084242,0.986667,0.986667,0.416667,0.583333,592,8,50,70
0.076914,0.986667,0.986667,0.425,0.575,592,8,51,69
0.072545,0.986667,0.986667,0.433333,0.566667,592,8,52,68
0.064132,0.986667,0.986667,0.433333,0.566667,592,8,52,68
0.051713,0.986667,0.986667,0.45,0.55,592,8,54,66
0.048825,0.986667,0.986667,0.45,0.55,592,8,54,66
0.046461,0.986667,0.986667,0.458333,0.541667,592,8,55,65
0.04267,0.988333,0.988333,0.466667,0.533333,593,7,56,64
0.041554,0.988333,0.988333,0.475,0.525,593,7,57,63
0.039823,0.99,0.99,0.475,0.525,594,6,57,63
0.037118,0.99,0.99,0.475,0.525,594,6,57,63
0.036117,0.99,0.99,0.491667,0.508333,594,6,59,61
0.032336,0.99,0.99,0.5,0.5,594,6,60,60
0.031487,0.991667,0.991667,0.5,0.5,595,5,60,60
0.025337,0.991667,0.991667,0.5,0.5,595,5,60,60
0.021283,0.991667,0.991667,0.516667,0.483333,595,5,62,58
0.020089,0.991667,0.991667,0.516667,0.483333,595,5,62,58
0.018778,0.991667,0.991667,0.533333,0.466667,595,5,64,56
0.014306,0.991667,0.991667,0.541667,0.458333,595,5,65,55
0.013597,0.993333,0.993333,0.541667,0.458333,596,4,65,55
0.01096,0.995,0.995,0.541667,0.458333,597,3,65,55
0.010549,0.995,0.995,0.55,0.45,597,3,66,54
0.009672,0.995,0.995,0.558333,0.441667,597,3,67,53
0.0077,0.995,0.995,0.566667,0.433333,597,3,68,52
0.007171,0.995,0.995,0.566667,0.433333,597,3,68,52
0.006424,0.996667,0.996667,0.566667,0.433333,598,2,68,52
0.004596,0.996667,0.996667,0.575,0.425,598,2,69,51
0.004454,0.996667,0.996667,0.583333,0.416667,598,2,70,50
0.004444,0.996667,0.996667,0.591667,0.408333,598,2,71,49
0.003751,0.996667,0.996667,0.6,0.4,598,2,72,48
0.003726,0.996667,0.996667,0.616667,0.383333,598,2,74,46
0.003549,0.996667,0.996667,0.625,0.375,598,2,75,45
0.00339,0.996667,0.996667,0.633333,0.366667,598,2,76,44
0.003334,0.996667,0.996667,0.641667,0.358333,598,2,77,43
0.003305,0.996667,0.996667,0.641667,0.358333,598,2,77,43
0.003047,0.996667,0.996667,0.65,0.35,598,2,78,42
0.00252,0.996667,0.996667,0.666667,0.333333,598,2,80,40
0.002135,0.996667,0.996667,0.666667,0.333333,598,2,80,40
0.002038,0.996667,0.996667,0.675,0.325,598,2,81,39
0.001784,0.996667,0.996667,0.691667,0.308333,598,2,83,37
0.001695,0.996667,0.996667,0.7,0.3,598,2,84,36
0.001656,0.996667,0.996667,0.708333,0.291667,598,2,85,35
0.0016,0.996667,0.996667,0.708333,0.291667,598,2,85,35
0.001373,0.996667,0.996667,0.716667,0.283333,598,2,86,34
0.001346,0.996667,0.996667,0.725,0.275,598,2,87,33
0.001262,0.996667,0.996667,0.741667,0.258333,598,2,89,31
0.001001,0.996667,0.996667,0.75,0.25,598,2,90,30
0.000908,0.996667,0.996667,0.75,0.25,598,2,90,30
0.000674,0.996667,0.996667,0.758333,0.241667,598,2,91,29
0.000631,0.996667,0.996667,0.766667,0.233333,598,2,92,28
0.000428,0.996667,0.996667,0.783333,0.216667,598,2,94,26
0.000309,0.996667,0.996667,0.791667,0.208333,598,2,95,25
0.000272,0.996667,0.996667,0.791667,0.208333,598,2,95,25
0.000238,0.996667,0.996667,0.8,0.2,598,2,96,24
0.000199,0.996667,0.996667,0.816667,0.183333,598,2,98,22
0.000192,0.996667,0.996667,0.816667,0.183333,598,2,98,22
0.000132,0.996667,0.996667,0.833333,0.166667,598,2,100,20
0.000122,0.998333,0.998333,0.833333,0.166667,599,1,100,20
0.000119,0.998333,0.998333,0.833333,0.166667,599,1,100,20
9.4e-05,0.998333,0.998333,0.85,0.15,599,1,102,18
9e-05,0.998333,0.998333,0.85,0.15,599,1,102,18
7.3e-05,0.998333,0.998333,0.866667,0.133333,599,1,104,16
7.2e-05,0.998333,0.998333,0.866667,0.133333,599,1,104,16
6.5e-05,0.998333,0.998333,0.875,0.125,599,1,105,15
6.4e-05,1.0,1.0,0.883333,0.116667,600,0,106,14
6.4e-05,1.0,1.0,0.891667,0.108333,600,0,107,13
5.5e-05,1.0,1.0,0.891667,0.108333,600,0,107,13
5e-05,1.0,1.0,0.908333,0.091667,600,0,109,11
3.6e-05,1.0,1.0,0.916667,0.083333,600,0,110,10
3.2e-05,1.0,1.0,0.925,0.075,600,0,111,9
2.9e-05,1.0,1.0,0.933333,0.066667,600,0,112,8
2.1e-05,1.0,1.0,0.933333,0.066667,600,0,112,8
1.4e-05,1.0,1.0,0.941667,0.058333,600,0,113,7
9e-06,1.0,1.0,0.95,0.05,600,0,114,6
7e-06,1.0,1.0,0.966667,0.033333,600,0,116,4
5e-06,1.0,1.0,0.975,0.025,600,0,117,3
2e-06,1.0,1.0,0.975,0.025,600,0,117,3
0.0,1.0,1.0,0.983333,0.016667,600,0,118,2
-0.01,1.0,1.0,1.0,0.0,600,0,120,0
