queue_order,job_id,cycle_id,release_state,queue_status,machine_id,seed_id,training_seed,logical_run_id,logical_arm_id,schedule_id,job_kind,segment_index,segment_start_epoch,segment_end_epoch,normal_replay_slots,defect_guard_slots,total_replay_slots,expected_steps_batch128,selection_pool_id,selection_pool_digest,active_selection_template_id,active_selection_template_relpath,active_selection_template_sha256,active_selection_digest,active_selection_rows,monitor_manifest_relpath,monitor_manifest_sha256,canonical_lock_relpath,canonical_lock_file_sha256,dependency_job_id,dependency_output_relpath,resume_from_epoch,branch_checkpoint_required,run_output_relpath,machine_output_relpath,checkpoint_epochs_to_retain,planned_epoch_equivalents
12,JOB_S002_RHO_1P0_PERCENT_SHARED_PREFIX_SHARED_RHO_1P0_PERCENT_CONTINUOUS_TAPER_PREFIX_E001_140,CYCLE_2,HELD,HELD_SCIENTIFIC_GATE,M09,S002,982248093,CYCLE_2_S002_SHARED_RHO_1P0_PERCENT_CONTINUOUS_TAPER_PREFIX,SHARED_RHO_1P0_PERCENT_CONTINUOUS_TAPER_PREFIX,SHARED_RHO_1P0_PERCENT_CONTINUOUS_TAPER_PREFIX,SHARED_TREATMENT_PREFIX,1,1,140,1200,0,1200,947,TREATMENT_GAPCRITICAL_NESTED,BF70893E2D72577C1E86D4C85416BBBA809815D7A230395F76294BF2458A0A2D,TPL_TREATMENT_GAPCRITICAL_NESTED_N01200_D00000,templates/TPL_TREATMENT_GAPCRITICAL_NESTED_N01200_D00000.csv,282D2099A5BB80E0F5B504C18575773CE5B822B9408B3A8E80A4944D570BB854,B55EA138794A18ADC65B13DE435C4BE5D2DB32092208A2F2947844D9AE8E9196,1200,monitor/CAUSAL_MONITOR_SAMPLES.csv,B14343E2140730A5A1D1446A71C6C2081AFF3603E83CA7B41164973DD45937B9,contracts/CANONICAL_TRAINING_LOCK_v1.json,7AFD96784F4994903892BD5BA8477396AAF5EFFBFF158A1C57225428BF01F74E,,,0,False,../05_training_runs/CYCLE_2_S002_SHARED_RHO_1P0_PERCENT_CONTINUOUS_TAPER_PREFIX,dynamic_replay_budget_efficiency_20260807/05_training_runs/CYCLE_2_S002_SHARED_RHO_1P0_PERCENT_CONTINUOUS_TAPER_PREFIX,120;140,140.0
18,JOB_S003_RHO_1P0_PERCENT_DOSE_MATCHED_TAPER_C2_T_RHO_1P0_DOSE_MATCHED_TAPER_E001_140,CYCLE_2,HELD,HELD_SCIENTIFIC_GATE,M09,S003,759103031,CYCLE_2_S003_C2_T_RHO_1P0_DOSE_MATCHED_TAPER,C2_T_RHO_1P0_DOSE_MATCHED_TAPER,CYCLE_2__RHO_1P0_PERCENT__DOSE_MATCHED_TAPER__NONE__G0PCT,ARM_SEGMENT,1,1,140,1600,0,1600,950,TREATMENT_GAPCRITICAL_NESTED,BF70893E2D72577C1E86D4C85416BBBA809815D7A230395F76294BF2458A0A2D,TPL_TREATMENT_GAPCRITICAL_NESTED_N01600_D00000,templates/TPL_TREATMENT_GAPCRITICAL_NESTED_N01600_D00000.csv,C85D261A5191FD4DA6ED5DBBA58232226F2089B1F1F03C98422856BC0282971D,21144E1F27B5AA8FA2CB10B0F66F6A56AE17DBC527D5DE9D0183D85AE5AD8AC3,1600,monitor/CAUSAL_MONITOR_SAMPLES.csv,B14343E2140730A5A1D1446A71C6C2081AFF3603E83CA7B41164973DD45937B9,contracts/CANONICAL_TRAINING_LOCK_v1.json,7AFD96784F4994903892BD5BA8477396AAF5EFFBFF158A1C57225428BF01F74E,,,0,False,../05_training_runs/CYCLE_2_S003_C2_T_RHO_1P0_DOSE_MATCHED_TAPER,dynamic_replay_budget_efficiency_20260807/05_training_runs/CYCLE_2_S003_C2_T_RHO_1P0_DOSE_MATCHED_TAPER,120;140,140.0
31,JOB_S005_RHO_0P5_PERCENT_SHARED_PREFIX_SHARED_RHO_0P5_PERCENT_CONTINUOUS_TAPER_PREFIX_E001_140,CYCLE_2,HELD,HELD_SCIENTIFIC_GATE,M09,S005,1136302086,CYCLE_2_S005_SHARED_RHO_0P5_PERCENT_CONTINUOUS_TAPER_PREFIX,SHARED_RHO_0P5_PERCENT_CONTINUOUS_TAPER_PREFIX,SHARED_RHO_0P5_PERCENT_CONTINUOUS_TAPER_PREFIX,SHARED_TREATMENT_PREFIX,1,1,140,600,0,600,943,TREATMENT_GAPCRITICAL_NESTED,BF70893E2D72577C1E86D4C85416BBBA809815D7A230395F76294BF2458A0A2D,TPL_TREATMENT_GAPCRITICAL_NESTED_N00600_D00000,templates/TPL_TREATMENT_GAPCRITICAL_NESTED_N00600_D00000.csv,928D5A4D0A09539F34012161A76F6BF0B975631395DC0C4542BC90F7FF18E0A8,E6C38CE0916169AAAFD67E696BAF4AD6A156BA42C4D4361F3250E757DE9FA83D,600,monitor/CAUSAL_MONITOR_SAMPLES.csv,B14343E2140730A5A1D1446A71C6C2081AFF3603E83CA7B41164973DD45937B9,contracts/CANONICAL_TRAINING_LOCK_v1.json,7AFD96784F4994903892BD5BA8477396AAF5EFFBFF158A1C57225428BF01F74E,,,0,False,../05_training_runs/CYCLE_2_S005_SHARED_RHO_0P5_PERCENT_CONTINUOUS_TAPER_PREFIX,dynamic_replay_budget_efficiency_20260807/05_training_runs/CYCLE_2_S005_SHARED_RHO_0P5_PERCENT_CONTINUOUS_TAPER_PREFIX,120;140,140.0
37,JOB_S006_RHO_0P5_PERCENT_DOSE_MATCHED_TAPER_C2_T_RHO_0P5_DOSE_MATCHED_TAPER_E001_140,CYCLE_2,HELD,HELD_SCIENTIFIC_GATE,M09,S006,1239936874,CYCLE_2_S006_C2_T_RHO_0P5_DOSE_MATCHED_TAPER,C2_T_RHO_0P5_DOSE_MATCHED_TAPER,CYCLE_2__RHO_0P5_PERCENT__DOSE_MATCHED_TAPER__NONE__G0PCT,ARM_SEGMENT,1,1,140,800,0,800,944,TREATMENT_GAPCRITICAL_NESTED,BF70893E2D72577C1E86D4C85416BBBA809815D7A230395F76294BF2458A0A2D,TPL_TREATMENT_GAPCRITICAL_NESTED_N00800_D00000,templates/TPL_TREATMENT_GAPCRITICAL_NESTED_N00800_D00000.csv,0C1DB48D84FADB7AC9EAF812707C1FAF32D41D80C7290FF86F3E8F80590821BD,6837EC9FABABB1EC825E3FEF83CEA93478F432977546EEE8C02B59D17A8A44D3,800,monitor/CAUSAL_MONITOR_SAMPLES.csv,B14343E2140730A5A1D1446A71C6C2081AFF3603E83CA7B41164973DD45937B9,contracts/CANONICAL_TRAINING_LOCK_v1.json,7AFD96784F4994903892BD5BA8477396AAF5EFFBFF158A1C57225428BF01F74E,,,0,False,../05_training_runs/CYCLE_2_S006_C2_T_RHO_0P5_DOSE_MATCHED_TAPER,dynamic_replay_budget_efficiency_20260807/05_training_runs/CYCLE_2_S006_C2_T_RHO_0P5_DOSE_MATCHED_TAPER,120;140,140.0
43,JOB_S007_NO_REPLAY_NO_REPLAY_C1_NR_NO_REPLAY_E001_140,CYCLE_1,ENGINEERING_GATE,HELD_ENGINEERING_GATE,M09,S007,1280388208,CYCLE_1_S007_C1_NR_NO_REPLAY,C1_NR_NO_REPLAY,CYCLE_1__NO_REPLAY__NO_REPLAY__NONE__G0PCT,ARM_SEGMENT,1,1,140,0,0,0,938,NR_NO_SELECTION,4F53CDA18C2BAA0C0354BB5F9A3ECBE5ED12AB4D8E11BA873C2F11161202B945,TPL_NR_NO_SELECTION_N00000_D00000,templates/TPL_NR_NO_SELECTION_N00000_D00000.csv,6536EF9A2D71D279E64D927277D2510637B41A4FA2AFA0CABA8876BB75C984C2,4F53CDA18C2BAA0C0354BB5F9A3ECBE5ED12AB4D8E11BA873C2F11161202B945,0,monitor/CAUSAL_MONITOR_SAMPLES.csv,B14343E2140730A5A1D1446A71C6C2081AFF3603E83CA7B41164973DD45937B9,contracts/CANONICAL_TRAINING_LOCK_v1.json,7AFD96784F4994903892BD5BA8477396AAF5EFFBFF158A1C57225428BF01F74E,,,0,False,../05_training_runs/CYCLE_1_S007_C1_NR_NO_REPLAY,dynamic_replay_budget_efficiency_20260807/05_training_runs/CYCLE_1_S007_C1_NR_NO_REPLAY,120;140,140.0
71,JOB_S002_RHO_1P0_PERCENT_CONTINUOUS_C2_T_RHO_1P0_CONTINUOUS_E141_150,CYCLE_2,HELD,HELD_SCIENTIFIC_GATE,M09,S002,982248093,CYCLE_2_S002_C2_T_RHO_1P0_CONTINUOUS,C2_T_RHO_1P0_CONTINUOUS,CYCLE_2__RHO_1P0_PERCENT__CONTINUOUS__NONE__G0PCT,ARM_SEGMENT,2,141,150,1200,0,1200,947,TREATMENT_GAPCRITICAL_NESTED,BF70893E2D72577C1E86D4C85416BBBA809815D7A230395F76294BF2458A0A2D,TPL_TREATMENT_GAPCRITICAL_NESTED_N01200_D00000,templates/TPL_TREATMENT_GAPCRITICAL_NESTED_N01200_D00000.csv,282D2099A5BB80E0F5B504C18575773CE5B822B9408B3A8E80A4944D570BB854,B55EA138794A18ADC65B13DE435C4BE5D2DB32092208A2F2947844D9AE8E9196,1200,monitor/CAUSAL_MONITOR_SAMPLES.csv,B14343E2140730A5A1D1446A71C6C2081AFF3603E83CA7B41164973DD45937B9,contracts/CANONICAL_TRAINING_LOCK_v1.json,7AFD96784F4994903892BD5BA8477396AAF5EFFBFF158A1C57225428BF01F74E,JOB_S002_RHO_1P0_PERCENT_SHARED_PREFIX_SHARED_RHO_1P0_PERCENT_CONTINUOUS_TAPER_PREFIX_E001_140,../05_training_runs/CYCLE_2_S002_SHARED_RHO_1P0_PERCENT_CONTINUOUS_TAPER_PREFIX,140,True,../05_training_runs/CYCLE_2_S002_C2_T_RHO_1P0_CONTINUOUS,dynamic_replay_budget_efficiency_20260807/05_training_runs/CYCLE_2_S002_C2_T_RHO_1P0_CONTINUOUS,150,10.0
73,JOB_S002_RHO_1P0_PERCENT_SAME_PEAK_TAPER_C2_T_RHO_1P0_SAME_PEAK_TAPER_E141_150,CYCLE_2,HELD,HELD_SCIENTIFIC_GATE,M09,S002,982248093,CYCLE_2_S002_C2_T_RHO_1P0_SAME_PEAK_TAPER,C2_T_RHO_1P0_SAME_PEAK_TAPER,CYCLE_2__RHO_1P0_PERCENT__SAME_PEAK_TAPER__NONE__G0PCT,ARM_SEGMENT,2,141,150,800,0,800,944,TREATMENT_GAPCRITICAL_NESTED,BF70893E2D72577C1E86D4C85416BBBA809815D7A230395F76294BF2458A0A2D,TPL_TREATMENT_GAPCRITICAL_NESTED_N00800_D00000,templates/TPL_TREATMENT_GAPCRITICAL_NESTED_N00800_D00000.csv,0C1DB48D84FADB7AC9EAF812707C1FAF32D41D80C7290FF86F3E8F80590821BD,6837EC9FABABB1EC825E3FEF83CEA93478F432977546EEE8C02B59D17A8A44D3,800,monitor/CAUSAL_MONITOR_SAMPLES.csv,B14343E2140730A5A1D1446A71C6C2081AFF3603E83CA7B41164973DD45937B9,contracts/CANONICAL_TRAINING_LOCK_v1.json,7AFD96784F4994903892BD5BA8477396AAF5EFFBFF158A1C57225428BF01F74E,JOB_S002_RHO_1P0_PERCENT_SHARED_PREFIX_SHARED_RHO_1P0_PERCENT_CONTINUOUS_TAPER_PREFIX_E001_140,../05_training_runs/CYCLE_2_S002_SHARED_RHO_1P0_PERCENT_CONTINUOUS_TAPER_PREFIX,140,True,../05_training_runs/CYCLE_2_S002_C2_T_RHO_1P0_SAME_PEAK_TAPER,dynamic_replay_budget_efficiency_20260807/05_training_runs/CYCLE_2_S002_C2_T_RHO_1P0_SAME_PEAK_TAPER,150,10.0
82,JOB_S003_RHO_1P0_PERCENT_DOSE_MATCHED_TAPER_C2_T_RHO_1P0_DOSE_MATCHED_TAPER_E141_150,CYCLE_2,HELD,HELD_SCIENTIFIC_GATE,M09,S003,759103031,CYCLE_2_S003_C2_T_RHO_1P0_DOSE_MATCHED_TAPER,C2_T_RHO_1P0_DOSE_MATCHED_TAPER,CYCLE_2__RHO_1P0_PERCENT__DOSE_MATCHED_TAPER__NONE__G0PCT,ARM_SEGMENT,2,141,150,1067,0,1067,946,TREATMENT_GAPCRITICAL_NESTED,BF70893E2D72577C1E86D4C85416BBBA809815D7A230395F76294BF2458A0A2D,TPL_TREATMENT_GAPCRITICAL_NESTED_N01067_D00000,templates/TPL_TREATMENT_GAPCRITICAL_NESTED_N01067_D00000.csv,9FD4DE66B863C398B3C962422F4F1CCD35B3616A18F24B43BD19AC06AE547A9C,5664F5B229D2ABF47079D061B252E9CEF93B39A69E735301A41722FC5B0F6AFE,1067,monitor/CAUSAL_MONITOR_SAMPLES.csv,B14343E2140730A5A1D1446A71C6C2081AFF3603E83CA7B41164973DD45937B9,contracts/CANONICAL_TRAINING_LOCK_v1.json,7AFD96784F4994903892BD5BA8477396AAF5EFFBFF158A1C57225428BF01F74E,JOB_S003_RHO_1P0_PERCENT_DOSE_MATCHED_TAPER_C2_T_RHO_1P0_DOSE_MATCHED_TAPER_E001_140,../05_training_runs/CYCLE_2_S003_C2_T_RHO_1P0_DOSE_MATCHED_TAPER,140,True,../05_training_runs/CYCLE_2_S003_C2_T_RHO_1P0_DOSE_MATCHED_TAPER,dynamic_replay_budget_efficiency_20260807/05_training_runs/CYCLE_2_S003_C2_T_RHO_1P0_DOSE_MATCHED_TAPER,150,10.0
98,JOB_S005_RHO_0P5_PERCENT_CONTINUOUS_C2_T_RHO_0P5_CONTINUOUS_E141_150,CYCLE_2,HELD,HELD_SCIENTIFIC_GATE,M09,S005,1136302086,CYCLE_2_S005_C2_T_RHO_0P5_CONTINUOUS,C2_T_RHO_0P5_CONTINUOUS,CYCLE_2__RHO_0P5_PERCENT__CONTINUOUS__NONE__G0PCT,ARM_SEGMENT,2,141,150,600,0,600,943,TREATMENT_GAPCRITICAL_NESTED,BF70893E2D72577C1E86D4C85416BBBA809815D7A230395F76294BF2458A0A2D,TPL_TREATMENT_GAPCRITICAL_NESTED_N00600_D00000,templates/TPL_TREATMENT_GAPCRITICAL_NESTED_N00600_D00000.csv,928D5A4D0A09539F34012161A76F6BF0B975631395DC0C4542BC90F7FF18E0A8,E6C38CE0916169AAAFD67E696BAF4AD6A156BA42C4D4361F3250E757DE9FA83D,600,monitor/CAUSAL_MONITOR_SAMPLES.csv,B14343E2140730A5A1D1446A71C6C2081AFF3603E83CA7B41164973DD45937B9,contracts/CANONICAL_TRAINING_LOCK_v1.json,7AFD96784F4994903892BD5BA8477396AAF5EFFBFF158A1C57225428BF01F74E,JOB_S005_RHO_0P5_PERCENT_SHARED_PREFIX_SHARED_RHO_0P5_PERCENT_CONTINUOUS_TAPER_PREFIX_E001_140,../05_training_runs/CYCLE_2_S005_SHARED_RHO_0P5_PERCENT_CONTINUOUS_TAPER_PREFIX,140,True,../05_training_runs/CYCLE_2_S005_C2_T_RHO_0P5_CONTINUOUS,dynamic_replay_budget_efficiency_20260807/05_training_runs/CYCLE_2_S005_C2_T_RHO_0P5_CONTINUOUS,150,10.0
100,JOB_S005_RHO_0P5_PERCENT_SAME_PEAK_TAPER_C2_T_RHO_0P5_SAME_PEAK_TAPER_E141_150,CYCLE_2,HELD,HELD_SCIENTIFIC_GATE,M09,S005,1136302086,CYCLE_2_S005_C2_T_RHO_0P5_SAME_PEAK_TAPER,C2_T_RHO_0P5_SAME_PEAK_TAPER,CYCLE_2__RHO_0P5_PERCENT__SAME_PEAK_TAPER__NONE__G0PCT,ARM_SEGMENT,2,141,150,400,0,400,941,TREATMENT_GAPCRITICAL_NESTED,BF70893E2D72577C1E86D4C85416BBBA809815D7A230395F76294BF2458A0A2D,TPL_TREATMENT_GAPCRITICAL_NESTED_N00400_D00000,templates/TPL_TREATMENT_GAPCRITICAL_NESTED_N00400_D00000.csv,7BAB8ED598C93858515DAB10E702A01D312330596CFB10238C7753108F422F53,2630621BAEA8B2BAD5CCD26EBE03FE3E077B6695CC203C72893F92453FF1BDEC,400,monitor/CAUSAL_MONITOR_SAMPLES.csv,B14343E2140730A5A1D1446A71C6C2081AFF3603E83CA7B41164973DD45937B9,contracts/CANONICAL_TRAINING_LOCK_v1.json,7AFD96784F4994903892BD5BA8477396AAF5EFFBFF158A1C57225428BF01F74E,JOB_S005_RHO_0P5_PERCENT_SHARED_PREFIX_SHARED_RHO_0P5_PERCENT_CONTINUOUS_TAPER_PREFIX_E001_140,../05_training_runs/CYCLE_2_S005_SHARED_RHO_0P5_PERCENT_CONTINUOUS_TAPER_PREFIX,140,True,../05_training_runs/CYCLE_2_S005_C2_T_RHO_0P5_SAME_PEAK_TAPER,dynamic_replay_budget_efficiency_20260807/05_training_runs/CYCLE_2_S005_C2_T_RHO_0P5_SAME_PEAK_TAPER,150,10.0
109,JOB_S006_RHO_0P5_PERCENT_DOSE_MATCHED_TAPER_C2_T_RHO_0P5_DOSE_MATCHED_TAPER_E141_150,CYCLE_2,HELD,HELD_SCIENTIFIC_GATE,M09,S006,1239936874,CYCLE_2_S006_C2_T_RHO_0P5_DOSE_MATCHED_TAPER,C2_T_RHO_0P5_DOSE_MATCHED_TAPER,CYCLE_2__RHO_0P5_PERCENT__DOSE_MATCHED_TAPER__NONE__G0PCT,ARM_SEGMENT,2,141,150,533,0,533,942,TREATMENT_GAPCRITICAL_NESTED,BF70893E2D72577C1E86D4C85416BBBA809815D7A230395F76294BF2458A0A2D,TPL_TREATMENT_GAPCRITICAL_NESTED_N00533_D00000,templates/TPL_TREATMENT_GAPCRITICAL_NESTED_N00533_D00000.csv,4F717AC92F9F2F2B5A39F291D0A658F71D9778C9686B794AC7B6EA401224EA71,ABDCD1B2E518D06BF208F69A4219B7AADFB0DD1286C45ACC2048F6994B3AD32C,533,monitor/CAUSAL_MONITOR_SAMPLES.csv,B14343E2140730A5A1D1446A71C6C2081AFF3603E83CA7B41164973DD45937B9,contracts/CANONICAL_TRAINING_LOCK_v1.json,7AFD96784F4994903892BD5BA8477396AAF5EFFBFF158A1C57225428BF01F74E,JOB_S006_RHO_0P5_PERCENT_DOSE_MATCHED_TAPER_C2_T_RHO_0P5_DOSE_MATCHED_TAPER_E001_140,../05_training_runs/CYCLE_2_S006_C2_T_RHO_0P5_DOSE_MATCHED_TAPER,140,True,../05_training_runs/CYCLE_2_S006_C2_T_RHO_0P5_DOSE_MATCHED_TAPER,dynamic_replay_budget_efficiency_20260807/05_training_runs/CYCLE_2_S006_C2_T_RHO_0P5_DOSE_MATCHED_TAPER,150,10.0
117,JOB_S007_NO_REPLAY_NO_REPLAY_C1_NR_NO_REPLAY_E141_150,CYCLE_1,ENGINEERING_GATE,BLOCKED_ENGINEERING_GATE,M09,S007,1280388208,CYCLE_1_S007_C1_NR_NO_REPLAY,C1_NR_NO_REPLAY,CYCLE_1__NO_REPLAY__NO_REPLAY__NONE__G0PCT,ARM_SEGMENT,2,141,150,0,0,0,938,NR_NO_SELECTION,4F53CDA18C2BAA0C0354BB5F9A3ECBE5ED12AB4D8E11BA873C2F11161202B945,TPL_NR_NO_SELECTION_N00000_D00000,templates/TPL_NR_NO_SELECTION_N00000_D00000.csv,6536EF9A2D71D279E64D927277D2510637B41A4FA2AFA0CABA8876BB75C984C2,4F53CDA18C2BAA0C0354BB5F9A3ECBE5ED12AB4D8E11BA873C2F11161202B945,0,monitor/CAUSAL_MONITOR_SAMPLES.csv,B14343E2140730A5A1D1446A71C6C2081AFF3603E83CA7B41164973DD45937B9,contracts/CANONICAL_TRAINING_LOCK_v1.json,7AFD96784F4994903892BD5BA8477396AAF5EFFBFF158A1C57225428BF01F74E,JOB_S007_NO_REPLAY_NO_REPLAY_C1_NR_NO_REPLAY_E001_140,../05_training_runs/CYCLE_1_S007_C1_NR_NO_REPLAY,140,True,../05_training_runs/CYCLE_1_S007_C1_NR_NO_REPLAY,dynamic_replay_budget_efficiency_20260807/05_training_runs/CYCLE_1_S007_C1_NR_NO_REPLAY,150,10.0
151,JOB_S002_RHO_1P0_PERCENT_CONTINUOUS_C2_T_RHO_1P0_CONTINUOUS_E151_160,CYCLE_2,HELD,HELD_SCIENTIFIC_GATE,M09,S002,982248093,CYCLE_2_S002_C2_T_RHO_1P0_CONTINUOUS,C2_T_RHO_1P0_CONTINUOUS,CYCLE_2__RHO_1P0_PERCENT__CONTINUOUS__NONE__G0PCT,ARM_SEGMENT,3,151,160,1200,0,1200,947,TREATMENT_GAPCRITICAL_NESTED,BF70893E2D72577C1E86D4C85416BBBA809815D7A230395F76294BF2458A0A2D,TPL_TREATMENT_GAPCRITICAL_NESTED_N01200_D00000,templates/TPL_TREATMENT_GAPCRITICAL_NESTED_N01200_D00000.csv,282D2099A5BB80E0F5B504C18575773CE5B822B9408B3A8E80A4944D570BB854,B55EA138794A18ADC65B13DE435C4BE5D2DB32092208A2F2947844D9AE8E9196,1200,monitor/CAUSAL_MONITOR_SAMPLES.csv,B14343E2140730A5A1D1446A71C6C2081AFF3603E83CA7B41164973DD45937B9,contracts/CANONICAL_TRAINING_LOCK_v1.json,7AFD96784F4994903892BD5BA8477396AAF5EFFBFF158A1C57225428BF01F74E,JOB_S002_RHO_1P0_PERCENT_CONTINUOUS_C2_T_RHO_1P0_CONTINUOUS_E141_150,../05_training_runs/CYCLE_2_S002_C2_T_RHO_1P0_CONTINUOUS,150,True,../05_training_runs/CYCLE_2_S002_C2_T_RHO_1P0_CONTINUOUS,dynamic_replay_budget_efficiency_20260807/05_training_runs/CYCLE_2_S002_C2_T_RHO_1P0_CONTINUOUS,160,10.0
153,JOB_S002_RHO_1P0_PERCENT_SAME_PEAK_TAPER_C2_T_RHO_1P0_SAME_PEAK_TAPER_E151_160,CYCLE_2,HELD,HELD_SCIENTIFIC_GATE,M09,S002,982248093,CYCLE_2_S002_C2_T_RHO_1P0_SAME_PEAK_TAPER,C2_T_RHO_1P0_SAME_PEAK_TAPER,CYCLE_2__RHO_1P0_PERCENT__SAME_PEAK_TAPER__NONE__G0PCT,ARM_SEGMENT,3,151,160,400,0,400,941,TREATMENT_GAPCRITICAL_NESTED,BF70893E2D72577C1E86D4C85416BBBA809815D7A230395F76294BF2458A0A2D,TPL_TREATMENT_GAPCRITICAL_NESTED_N00400_D00000,templates/TPL_TREATMENT_GAPCRITICAL_NESTED_N00400_D00000.csv,7BAB8ED598C93858515DAB10E702A01D312330596CFB10238C7753108F422F53,2630621BAEA8B2BAD5CCD26EBE03FE3E077B6695CC203C72893F92453FF1BDEC,400,monitor/CAUSAL_MONITOR_SAMPLES.csv,B14343E2140730A5A1D1446A71C6C2081AFF3603E83CA7B41164973DD45937B9,contracts/CANONICAL_TRAINING_LOCK_v1.json,7AFD96784F4994903892BD5BA8477396AAF5EFFBFF158A1C57225428BF01F74E,JOB_S002_RHO_1P0_PERCENT_SAME_PEAK_TAPER_C2_T_RHO_1P0_SAME_PEAK_TAPER_E141_150,../05_training_runs/CYCLE_2_S002_C2_T_RHO_1P0_SAME_PEAK_TAPER,150,True,../05_training_runs/CYCLE_2_S002_C2_T_RHO_1P0_SAME_PEAK_TAPER,dynamic_replay_budget_efficiency_20260807/05_training_runs/CYCLE_2_S002_C2_T_RHO_1P0_SAME_PEAK_TAPER,160,10.0
162,JOB_S003_RHO_1P0_PERCENT_DOSE_MATCHED_TAPER_C2_T_RHO_1P0_DOSE_MATCHED_TAPER_E151_160,CYCLE_2,HELD,HELD_SCIENTIFIC_GATE,M09,S003,759103031,CYCLE_2_S003_C2_T_RHO_1P0_DOSE_MATCHED_TAPER,C2_T_RHO_1P0_DOSE_MATCHED_TAPER,CYCLE_2__RHO_1P0_PERCENT__DOSE_MATCHED_TAPER__NONE__G0PCT,ARM_SEGMENT,3,151,160,533,0,533,942,TREATMENT_GAPCRITICAL_NESTED,BF70893E2D72577C1E86D4C85416BBBA809815D7A230395F76294BF2458A0A2D,TPL_TREATMENT_GAPCRITICAL_NESTED_N00533_D00000,templates/TPL_TREATMENT_GAPCRITICAL_NESTED_N00533_D00000.csv,4F717AC92F9F2F2B5A39F291D0A658F71D9778C9686B794AC7B6EA401224EA71,ABDCD1B2E518D06BF208F69A4219B7AADFB0DD1286C45ACC2048F6994B3AD32C,533,monitor/CAUSAL_MONITOR_SAMPLES.csv,B14343E2140730A5A1D1446A71C6C2081AFF3603E83CA7B41164973DD45937B9,contracts/CANONICAL_TRAINING_LOCK_v1.json,7AFD96784F4994903892BD5BA8477396AAF5EFFBFF158A1C57225428BF01F74E,JOB_S003_RHO_1P0_PERCENT_DOSE_MATCHED_TAPER_C2_T_RHO_1P0_DOSE_MATCHED_TAPER_E141_150,../05_training_runs/CYCLE_2_S003_C2_T_RHO_1P0_DOSE_MATCHED_TAPER,150,True,../05_training_runs/CYCLE_2_S003_C2_T_RHO_1P0_DOSE_MATCHED_TAPER,dynamic_replay_budget_efficiency_20260807/05_training_runs/CYCLE_2_S003_C2_T_RHO_1P0_DOSE_MATCHED_TAPER,160,10.0
178,JOB_S005_RHO_0P5_PERCENT_CONTINUOUS_C2_T_RHO_0P5_CONTINUOUS_E151_160,CYCLE_2,HELD,HELD_SCIENTIFIC_GATE,M09,S005,1136302086,CYCLE_2_S005_C2_T_RHO_0P5_CONTINUOUS,C2_T_RHO_0P5_CONTINUOUS,CYCLE_2__RHO_0P5_PERCENT__CONTINUOUS__NONE__G0PCT,ARM_SEGMENT,3,151,160,600,0,600,943,TREATMENT_GAPCRITICAL_NESTED,BF70893E2D72577C1E86D4C85416BBBA809815D7A230395F76294BF2458A0A2D,TPL_TREATMENT_GAPCRITICAL_NESTED_N00600_D00000,templates/TPL_TREATMENT_GAPCRITICAL_NESTED_N00600_D00000.csv,928D5A4D0A09539F34012161A76F6BF0B975631395DC0C4542BC90F7FF18E0A8,E6C38CE0916169AAAFD67E696BAF4AD6A156BA42C4D4361F3250E757DE9FA83D,600,monitor/CAUSAL_MONITOR_SAMPLES.csv,B14343E2140730A5A1D1446A71C6C2081AFF3603E83CA7B41164973DD45937B9,contracts/CANONICAL_TRAINING_LOCK_v1.json,7AFD96784F4994903892BD5BA8477396AAF5EFFBFF158A1C57225428BF01F74E,JOB_S005_RHO_0P5_PERCENT_CONTINUOUS_C2_T_RHO_0P5_CONTINUOUS_E141_150,../05_training_runs/CYCLE_2_S005_C2_T_RHO_0P5_CONTINUOUS,150,True,../05_training_runs/CYCLE_2_S005_C2_T_RHO_0P5_CONTINUOUS,dynamic_replay_budget_efficiency_20260807/05_training_runs/CYCLE_2_S005_C2_T_RHO_0P5_CONTINUOUS,160,10.0
180,JOB_S005_RHO_0P5_PERCENT_SAME_PEAK_TAPER_C2_T_RHO_0P5_SAME_PEAK_TAPER_E151_160,CYCLE_2,HELD,HELD_SCIENTIFIC_GATE,M09,S005,1136302086,CYCLE_2_S005_C2_T_RHO_0P5_SAME_PEAK_TAPER,C2_T_RHO_0P5_SAME_PEAK_TAPER,CYCLE_2__RHO_0P5_PERCENT__SAME_PEAK_TAPER__NONE__G0PCT,ARM_SEGMENT,3,151,160,200,0,200,940,TREATMENT_GAPCRITICAL_NESTED,BF70893E2D72577C1E86D4C85416BBBA809815D7A230395F76294BF2458A0A2D,TPL_TREATMENT_GAPCRITICAL_NESTED_N00200_D00000,templates/TPL_TREATMENT_GAPCRITICAL_NESTED_N00200_D00000.csv,8096A19A935331652A0D6D2CCA956CDEF379CDECA7383E01677018BF5DFE828F,68BD97511D88066B153B353D01294C17BA9DAD8DD3F4C1B3B7C91164FFB33AFB,200,monitor/CAUSAL_MONITOR_SAMPLES.csv,B14343E2140730A5A1D1446A71C6C2081AFF3603E83CA7B41164973DD45937B9,contracts/CANONICAL_TRAINING_LOCK_v1.json,7AFD96784F4994903892BD5BA8477396AAF5EFFBFF158A1C57225428BF01F74E,JOB_S005_RHO_0P5_PERCENT_SAME_PEAK_TAPER_C2_T_RHO_0P5_SAME_PEAK_TAPER_E141_150,../05_training_runs/CYCLE_2_S005_C2_T_RHO_0P5_SAME_PEAK_TAPER,150,True,../05_training_runs/CYCLE_2_S005_C2_T_RHO_0P5_SAME_PEAK_TAPER,dynamic_replay_budget_efficiency_20260807/05_training_runs/CYCLE_2_S005_C2_T_RHO_0P5_SAME_PEAK_TAPER,160,10.0
189,JOB_S006_RHO_0P5_PERCENT_DOSE_MATCHED_TAPER_C2_T_RHO_0P5_DOSE_MATCHED_TAPER_E151_160,CYCLE_2,HELD,HELD_SCIENTIFIC_GATE,M09,S006,1239936874,CYCLE_2_S006_C2_T_RHO_0P5_DOSE_MATCHED_TAPER,C2_T_RHO_0P5_DOSE_MATCHED_TAPER,CYCLE_2__RHO_0P5_PERCENT__DOSE_MATCHED_TAPER__NONE__G0PCT,ARM_SEGMENT,3,151,160,267,0,267,940,TREATMENT_GAPCRITICAL_NESTED,BF70893E2D72577C1E86D4C85416BBBA809815D7A230395F76294BF2458A0A2D,TPL_TREATMENT_GAPCRITICAL_NESTED_N00267_D00000,templates/TPL_TREATMENT_GAPCRITICAL_NESTED_N00267_D00000.csv,3C55D3325B55B07EB4FCC613F4853B7175120C7697FD13E2D843986398DDAEE9,D2A4A53F7A0359C9E946C673726C3B30BD214C8FB5294B56C85715C16175EEAD,267,monitor/CAUSAL_MONITOR_SAMPLES.csv,B14343E2140730A5A1D1446A71C6C2081AFF3603E83CA7B41164973DD45937B9,contracts/CANONICAL_TRAINING_LOCK_v1.json,7AFD96784F4994903892BD5BA8477396AAF5EFFBFF158A1C57225428BF01F74E,JOB_S006_RHO_0P5_PERCENT_DOSE_MATCHED_TAPER_C2_T_RHO_0P5_DOSE_MATCHED_TAPER_E141_150,../05_training_runs/CYCLE_2_S006_C2_T_RHO_0P5_DOSE_MATCHED_TAPER,150,True,../05_training_runs/CYCLE_2_S006_C2_T_RHO_0P5_DOSE_MATCHED_TAPER,dynamic_replay_budget_efficiency_20260807/05_training_runs/CYCLE_2_S006_C2_T_RHO_0P5_DOSE_MATCHED_TAPER,160,10.0
197,JOB_S007_NO_REPLAY_NO_REPLAY_C1_NR_NO_REPLAY_E151_160,CYCLE_1,ENGINEERING_GATE,BLOCKED_ENGINEERING_GATE,M09,S007,1280388208,CYCLE_1_S007_C1_NR_NO_REPLAY,C1_NR_NO_REPLAY,CYCLE_1__NO_REPLAY__NO_REPLAY__NONE__G0PCT,ARM_SEGMENT,3,151,160,0,0,0,938,NR_NO_SELECTION,4F53CDA18C2BAA0C0354BB5F9A3ECBE5ED12AB4D8E11BA873C2F11161202B945,TPL_NR_NO_SELECTION_N00000_D00000,templates/TPL_NR_NO_SELECTION_N00000_D00000.csv,6536EF9A2D71D279E64D927277D2510637B41A4FA2AFA0CABA8876BB75C984C2,4F53CDA18C2BAA0C0354BB5F9A3ECBE5ED12AB4D8E11BA873C2F11161202B945,0,monitor/CAUSAL_MONITOR_SAMPLES.csv,B14343E2140730A5A1D1446A71C6C2081AFF3603E83CA7B41164973DD45937B9,contracts/CANONICAL_TRAINING_LOCK_v1.json,7AFD96784F4994903892BD5BA8477396AAF5EFFBFF158A1C57225428BF01F74E,JOB_S007_NO_REPLAY_NO_REPLAY_C1_NR_NO_REPLAY_E141_150,../05_training_runs/CYCLE_1_S007_C1_NR_NO_REPLAY,150,True,../05_training_runs/CYCLE_1_S007_C1_NR_NO_REPLAY,dynamic_replay_budget_efficiency_20260807/05_training_runs/CYCLE_1_S007_C1_NR_NO_REPLAY,160,10.0
231,JOB_S002_RHO_1P0_PERCENT_CONTINUOUS_C2_T_RHO_1P0_CONTINUOUS_E161_200,CYCLE_2,HELD,HELD_SCIENTIFIC_GATE,M09,S002,982248093,CYCLE_2_S002_C2_T_RHO_1P0_CONTINUOUS,C2_T_RHO_1P0_CONTINUOUS,CYCLE_2__RHO_1P0_PERCENT__CONTINUOUS__NONE__G0PCT,ARM_SEGMENT,4,161,200,1200,0,1200,947,TREATMENT_GAPCRITICAL_NESTED,BF70893E2D72577C1E86D4C85416BBBA809815D7A230395F76294BF2458A0A2D,TPL_TREATMENT_GAPCRITICAL_NESTED_N01200_D00000,templates/TPL_TREATMENT_GAPCRITICAL_NESTED_N01200_D00000.csv,282D2099A5BB80E0F5B504C18575773CE5B822B9408B3A8E80A4944D570BB854,B55EA138794A18ADC65B13DE435C4BE5D2DB32092208A2F2947844D9AE8E9196,1200,monitor/CAUSAL_MONITOR_SAMPLES.csv,B14343E2140730A5A1D1446A71C6C2081AFF3603E83CA7B41164973DD45937B9,contracts/CANONICAL_TRAINING_LOCK_v1.json,7AFD96784F4994903892BD5BA8477396AAF5EFFBFF158A1C57225428BF01F74E,JOB_S002_RHO_1P0_PERCENT_CONTINUOUS_C2_T_RHO_1P0_CONTINUOUS_E151_160,../05_training_runs/CYCLE_2_S002_C2_T_RHO_1P0_CONTINUOUS,160,True,../05_training_runs/CYCLE_2_S002_C2_T_RHO_1P0_CONTINUOUS,dynamic_replay_budget_efficiency_20260807/05_training_runs/CYCLE_2_S002_C2_T_RHO_1P0_CONTINUOUS,180;200,40.0
233,JOB_S002_RHO_1P0_PERCENT_SAME_PEAK_TAPER_C2_T_RHO_1P0_SAME_PEAK_TAPER_E161_200,CYCLE_2,HELD,HELD_SCIENTIFIC_GATE,M09,S002,982248093,CYCLE_2_S002_C2_T_RHO_1P0_SAME_PEAK_TAPER,C2_T_RHO_1P0_SAME_PEAK_TAPER,CYCLE_2__RHO_1P0_PERCENT__SAME_PEAK_TAPER__NONE__G0PCT,ARM_SEGMENT,4,161,200,0,0,0,938,TREATMENT_GAPCRITICAL_NESTED,BF70893E2D72577C1E86D4C85416BBBA809815D7A230395F76294BF2458A0A2D,TPL_TREATMENT_GAPCRITICAL_NESTED_N00000_D00000,templates/TPL_TREATMENT_GAPCRITICAL_NESTED_N00000_D00000.csv,6536EF9A2D71D279E64D927277D2510637B41A4FA2AFA0CABA8876BB75C984C2,4F53CDA18C2BAA0C0354BB5F9A3ECBE5ED12AB4D8E11BA873C2F11161202B945,0,monitor/CAUSAL_MONITOR_SAMPLES.csv,B14343E2140730A5A1D1446A71C6C2081AFF3603E83CA7B41164973DD45937B9,contracts/CANONICAL_TRAINING_LOCK_v1.json,7AFD96784F4994903892BD5BA8477396AAF5EFFBFF158A1C57225428BF01F74E,JOB_S002_RHO_1P0_PERCENT_SAME_PEAK_TAPER_C2_T_RHO_1P0_SAME_PEAK_TAPER_E151_160,../05_training_runs/CYCLE_2_S002_C2_T_RHO_1P0_SAME_PEAK_TAPER,160,True,../05_training_runs/CYCLE_2_S002_C2_T_RHO_1P0_SAME_PEAK_TAPER,dynamic_replay_budget_efficiency_20260807/05_training_runs/CYCLE_2_S002_C2_T_RHO_1P0_SAME_PEAK_TAPER,180;200,40.0
242,JOB_S003_RHO_1P0_PERCENT_DOSE_MATCHED_TAPER_C2_T_RHO_1P0_DOSE_MATCHED_TAPER_E161_200,CYCLE_2,HELD,HELD_SCIENTIFIC_GATE,M09,S003,759103031,CYCLE_2_S003_C2_T_RHO_1P0_DOSE_MATCHED_TAPER,C2_T_RHO_1P0_DOSE_MATCHED_TAPER,CYCLE_2__RHO_1P0_PERCENT__DOSE_MATCHED_TAPER__NONE__G0PCT,ARM_SEGMENT,4,161,200,0,0,0,938,TREATMENT_GAPCRITICAL_NESTED,BF70893E2D72577C1E86D4C85416BBBA809815D7A230395F76294BF2458A0A2D,TPL_TREATMENT_GAPCRITICAL_NESTED_N00000_D00000,templates/TPL_TREATMENT_GAPCRITICAL_NESTED_N00000_D00000.csv,6536EF9A2D71D279E64D927277D2510637B41A4FA2AFA0CABA8876BB75C984C2,4F53CDA18C2BAA0C0354BB5F9A3ECBE5ED12AB4D8E11BA873C2F11161202B945,0,monitor/CAUSAL_MONITOR_SAMPLES.csv,B14343E2140730A5A1D1446A71C6C2081AFF3603E83CA7B41164973DD45937B9,contracts/CANONICAL_TRAINING_LOCK_v1.json,7AFD96784F4994903892BD5BA8477396AAF5EFFBFF158A1C57225428BF01F74E,JOB_S003_RHO_1P0_PERCENT_DOSE_MATCHED_TAPER_C2_T_RHO_1P0_DOSE_MATCHED_TAPER_E151_160,../05_training_runs/CYCLE_2_S003_C2_T_RHO_1P0_DOSE_MATCHED_TAPER,160,True,../05_training_runs/CYCLE_2_S003_C2_T_RHO_1P0_DOSE_MATCHED_TAPER,dynamic_replay_budget_efficiency_20260807/05_training_runs/CYCLE_2_S003_C2_T_RHO_1P0_DOSE_MATCHED_TAPER,180;200,40.0
258,JOB_S005_RHO_0P5_PERCENT_CONTINUOUS_C2_T_RHO_0P5_CONTINUOUS_E161_200,CYCLE_2,HELD,HELD_SCIENTIFIC_GATE,M09,S005,1136302086,CYCLE_2_S005_C2_T_RHO_0P5_CONTINUOUS,C2_T_RHO_0P5_CONTINUOUS,CYCLE_2__RHO_0P5_PERCENT__CONTINUOUS__NONE__G0PCT,ARM_SEGMENT,4,161,200,600,0,600,943,TREATMENT_GAPCRITICAL_NESTED,BF70893E2D72577C1E86D4C85416BBBA809815D7A230395F76294BF2458A0A2D,TPL_TREATMENT_GAPCRITICAL_NESTED_N00600_D00000,templates/TPL_TREATMENT_GAPCRITICAL_NESTED_N00600_D00000.csv,928D5A4D0A09539F34012161A76F6BF0B975631395DC0C4542BC90F7FF18E0A8,E6C38CE0916169AAAFD67E696BAF4AD6A156BA42C4D4361F3250E757DE9FA83D,600,monitor/CAUSAL_MONITOR_SAMPLES.csv,B14343E2140730A5A1D1446A71C6C2081AFF3603E83CA7B41164973DD45937B9,contracts/CANONICAL_TRAINING_LOCK_v1.json,7AFD96784F4994903892BD5BA8477396AAF5EFFBFF158A1C57225428BF01F74E,JOB_S005_RHO_0P5_PERCENT_CONTINUOUS_C2_T_RHO_0P5_CONTINUOUS_E151_160,../05_training_runs/CYCLE_2_S005_C2_T_RHO_0P5_CONTINUOUS,160,True,../05_training_runs/CYCLE_2_S005_C2_T_RHO_0P5_CONTINUOUS,dynamic_replay_budget_efficiency_20260807/05_training_runs/CYCLE_2_S005_C2_T_RHO_0P5_CONTINUOUS,180;200,40.0
260,JOB_S005_RHO_0P5_PERCENT_SAME_PEAK_TAPER_C2_T_RHO_0P5_SAME_PEAK_TAPER_E161_200,CYCLE_2,HELD,HELD_SCIENTIFIC_GATE,M09,S005,1136302086,CYCLE_2_S005_C2_T_RHO_0P5_SAME_PEAK_TAPER,C2_T_RHO_0P5_SAME_PEAK_TAPER,CYCLE_2__RHO_0P5_PERCENT__SAME_PEAK_TAPER__NONE__G0PCT,ARM_SEGMENT,4,161,200,0,0,0,938,TREATMENT_GAPCRITICAL_NESTED,BF70893E2D72577C1E86D4C85416BBBA809815D7A230395F76294BF2458A0A2D,TPL_TREATMENT_GAPCRITICAL_NESTED_N00000_D00000,templates/TPL_TREATMENT_GAPCRITICAL_NESTED_N00000_D00000.csv,6536EF9A2D71D279E64D927277D2510637B41A4FA2AFA0CABA8876BB75C984C2,4F53CDA18C2BAA0C0354BB5F9A3ECBE5ED12AB4D8E11BA873C2F11161202B945,0,monitor/CAUSAL_MONITOR_SAMPLES.csv,B14343E2140730A5A1D1446A71C6C2081AFF3603E83CA7B41164973DD45937B9,contracts/CANONICAL_TRAINING_LOCK_v1.json,7AFD96784F4994903892BD5BA8477396AAF5EFFBFF158A1C57225428BF01F74E,JOB_S005_RHO_0P5_PERCENT_SAME_PEAK_TAPER_C2_T_RHO_0P5_SAME_PEAK_TAPER_E151_160,../05_training_runs/CYCLE_2_S005_C2_T_RHO_0P5_SAME_PEAK_TAPER,160,True,../05_training_runs/CYCLE_2_S005_C2_T_RHO_0P5_SAME_PEAK_TAPER,dynamic_replay_budget_efficiency_20260807/05_training_runs/CYCLE_2_S005_C2_T_RHO_0P5_SAME_PEAK_TAPER,180;200,40.0
269,JOB_S006_RHO_0P5_PERCENT_DOSE_MATCHED_TAPER_C2_T_RHO_0P5_DOSE_MATCHED_TAPER_E161_200,CYCLE_2,HELD,HELD_SCIENTIFIC_GATE,M09,S006,1239936874,CYCLE_2_S006_C2_T_RHO_0P5_DOSE_MATCHED_TAPER,C2_T_RHO_0P5_DOSE_MATCHED_TAPER,CYCLE_2__RHO_0P5_PERCENT__DOSE_MATCHED_TAPER__NONE__G0PCT,ARM_SEGMENT,4,161,200,0,0,0,938,TREATMENT_GAPCRITICAL_NESTED,BF70893E2D72577C1E86D4C85416BBBA809815D7A230395F76294BF2458A0A2D,TPL_TREATMENT_GAPCRITICAL_NESTED_N00000_D00000,templates/TPL_TREATMENT_GAPCRITICAL_NESTED_N00000_D00000.csv,6536EF9A2D71D279E64D927277D2510637B41A4FA2AFA0CABA8876BB75C984C2,4F53CDA18C2BAA0C0354BB5F9A3ECBE5ED12AB4D8E11BA873C2F11161202B945,0,monitor/CAUSAL_MONITOR_SAMPLES.csv,B14343E2140730A5A1D1446A71C6C2081AFF3603E83CA7B41164973DD45937B9,contracts/CANONICAL_TRAINING_LOCK_v1.json,7AFD96784F4994903892BD5BA8477396AAF5EFFBFF158A1C57225428BF01F74E,JOB_S006_RHO_0P5_PERCENT_DOSE_MATCHED_TAPER_C2_T_RHO_0P5_DOSE_MATCHED_TAPER_E151_160,../05_training_runs/CYCLE_2_S006_C2_T_RHO_0P5_DOSE_MATCHED_TAPER,160,True,../05_training_runs/CYCLE_2_S006_C2_T_RHO_0P5_DOSE_MATCHED_TAPER,dynamic_replay_budget_efficiency_20260807/05_training_runs/CYCLE_2_S006_C2_T_RHO_0P5_DOSE_MATCHED_TAPER,180;200,40.0
277,JOB_S007_NO_REPLAY_NO_REPLAY_C1_NR_NO_REPLAY_E161_200,CYCLE_1,ENGINEERING_GATE,BLOCKED_ENGINEERING_GATE,M09,S007,1280388208,CYCLE_1_S007_C1_NR_NO_REPLAY,C1_NR_NO_REPLAY,CYCLE_1__NO_REPLAY__NO_REPLAY__NONE__G0PCT,ARM_SEGMENT,4,161,200,0,0,0,938,NR_NO_SELECTION,4F53CDA18C2BAA0C0354BB5F9A3ECBE5ED12AB4D8E11BA873C2F11161202B945,TPL_NR_NO_SELECTION_N00000_D00000,templates/TPL_NR_NO_SELECTION_N00000_D00000.csv,6536EF9A2D71D279E64D927277D2510637B41A4FA2AFA0CABA8876BB75C984C2,4F53CDA18C2BAA0C0354BB5F9A3ECBE5ED12AB4D8E11BA873C2F11161202B945,0,monitor/CAUSAL_MONITOR_SAMPLES.csv,B14343E2140730A5A1D1446A71C6C2081AFF3603E83CA7B41164973DD45937B9,contracts/CANONICAL_TRAINING_LOCK_v1.json,7AFD96784F4994903892BD5BA8477396AAF5EFFBFF158A1C57225428BF01F74E,JOB_S007_NO_REPLAY_NO_REPLAY_C1_NR_NO_REPLAY_E151_160,../05_training_runs/CYCLE_1_S007_C1_NR_NO_REPLAY,160,True,../05_training_runs/CYCLE_1_S007_C1_NR_NO_REPLAY,dynamic_replay_budget_efficiency_20260807/05_training_runs/CYCLE_1_S007_C1_NR_NO_REPLAY,180;200,40.0
