uniform_rank,img_rel_path,image_id,path_stub,p_abnormal
1,train/Normal/00467510.png,Normal_00467510,train/Normal/00467510.png,0.978027
2,train/Normal/00329365.png,Normal_00329365,train/Normal/00329365.png,0.953613
3,train/Normal/00149587.png,Normal_00149587,train/Normal/00149587.png,0.923828
4,train/Normal/00130666.png,Normal_00130666,train/Normal/00130666.png,0.904297
5,train/Normal/00160652.png,Normal_00160652,train/Normal/00160652.png,0.898926
6,train/Normal/00144495.png,Normal_00144495,train/Normal/00144495.png,0.898438
7,train/Normal/00323059.png,Normal_00323059,train/Normal/00323059.png,0.89209
8,train/Normal/00505638.png,Normal_00505638,train/Normal/00505638.png,0.886719
9,train/Normal/00021678.png,Normal_00021678,train/Normal/00021678.png,0.868164
10,train/Normal/00022521.png,Normal_00022521,train/Normal/00022521.png,0.854492
11,train/Normal/00292889.png,Normal_00292889,train/Normal/00292889.png,0.851074
12,train/Normal/00375607.png,Normal_00375607,train/Normal/00375607.png,0.848633
13,train/Normal/00500159.png,Normal_00500159,train/Normal/00500159.png,0.84668
14,train/Normal/00019908.png,Normal_00019908,train/Normal/00019908.png,0.82666
15,train/Normal/00431431.png,Normal_00431431,train/Normal/00431431.png,0.823242
16,train/Normal/00314643.png,Normal_00314643,train/Normal/00314643.png,0.793457
17,train/Normal/00405652.png,Normal_00405652,train/Normal/00405652.png,0.789062
18,train/Normal/00397824.png,Normal_00397824,train/Normal/00397824.png,0.782227
19,train/Normal/00421443.png,Normal_00421443,train/Normal/00421443.png,0.781738
20,train/Normal/00161664.png,Normal_00161664,train/Normal/00161664.png,0.773438
21,train/Normal/00317919.png,Normal_00317919,train/Normal/00317919.png,0.752441
22,train/Normal/00288653.png,Normal_00288653,train/Normal/00288653.png,0.735352
23,train/Normal/00281638.png,Normal_00281638,train/Normal/00281638.png,0.73291
24,train/Normal/00022588.png,Normal_00022588,train/Normal/00022588.png,0.731934
25,train/Normal/00348831.png,Normal_00348831,train/Normal/00348831.png,0.712402
26,train/Normal/00350801.png,Normal_00350801,train/Normal/00350801.png,0.693359
27,train/Normal/00300113.png,Normal_00300113,train/Normal/00300113.png,0.683594
28,train/Normal/00458420.png,Normal_00458420,train/Normal/00458420.png,0.675781
29,train/Normal/00388181.png,Normal_00388181,train/Normal/00388181.png,0.674805
30,train/Normal/00414024.png,Normal_00414024,train/Normal/00414024.png,0.65918
31,train/Normal/00453020.png,Normal_00453020,train/Normal/00453020.png,0.64502
32,train/Normal/00314789.png,Normal_00314789,train/Normal/00314789.png,0.63916
33,train/Normal/00365492.png,Normal_00365492,train/Normal/00365492.png,0.633789
34,train/Normal/00347413.png,Normal_00347413,train/Normal/00347413.png,0.631348
35,train/Normal/00359446.png,Normal_00359446,train/Normal/00359446.png,0.623535
36,train/Normal/00449921.png,Normal_00449921,train/Normal/00449921.png,0.621582
37,train/Normal/00437560.png,Normal_00437560,train/Normal/00437560.png,0.604004
38,train/Normal/00022864.png,Normal_00022864,train/Normal/00022864.png,0.600586
39,train/Normal/00141992.png,Normal_00141992,train/Normal/00141992.png,0.594238
40,train/Normal/00339405.png,Normal_00339405,train/Normal/00339405.png,0.59375
41,train/Normal/00160245.png,Normal_00160245,train/Normal/00160245.png,0.59082
42,train/Normal/00351805.png,Normal_00351805,train/Normal/00351805.png,0.588867
43,train/Normal/00022239.png,Normal_00022239,train/Normal/00022239.png,0.572754
44,train/Normal/00341441.png,Normal_00341441,train/Normal/00341441.png,0.571777
45,train/Normal/00331791.png,Normal_00331791,train/Normal/00331791.png,0.571289
46,train/Normal/00025314.png,Normal_00025314,train/Normal/00025314.png,0.568359
47,train/Normal/00143693.png,Normal_00143693,train/Normal/00143693.png,0.551758
48,train/Normal/00158209.png,Normal_00158209,train/Normal/00158209.png,0.537109
49,train/Normal/00340160.png,Normal_00340160,train/Normal/00340160.png,0.53418
50,train/Normal/00384016.png,Normal_00384016,train/Normal/00384016.png,0.53418
51,train/Normal/00261378.png,Normal_00261378,train/Normal/00261378.png,0.530762
52,train/Normal/00314262.png,Normal_00314262,train/Normal/00314262.png,0.527344
53,train/Normal/00016807.png,Normal_00016807,train/Normal/00016807.png,0.524902
54,train/Normal/00397769.png,Normal_00397769,train/Normal/00397769.png,0.520508
55,train/Normal/00491047.png,Normal_00491047,train/Normal/00491047.png,0.498047
56,train/Normal/00382971.png,Normal_00382971,train/Normal/00382971.png,0.487793
57,train/Normal/00499653.png,Normal_00499653,train/Normal/00499653.png,0.481445
58,train/Normal/00462787.png,Normal_00462787,train/Normal/00462787.png,0.474365
59,train/Normal/00428317.png,Normal_00428317,train/Normal/00428317.png,0.471191
60,train/Normal/00313867.png,Normal_00313867,train/Normal/00313867.png,0.462646
61,train/Normal/00312268.png,Normal_00312268,train/Normal/00312268.png,0.461182
62,train/Normal/00471490.png,Normal_00471490,train/Normal/00471490.png,0.45752
63,train/Normal/00317503.png,Normal_00317503,train/Normal/00317503.png,0.456299
64,train/Normal/00018926.png,Normal_00018926,train/Normal/00018926.png,0.447998
65,train/Normal/00345686.png,Normal_00345686,train/Normal/00345686.png,0.446045
66,train/Normal/00463730.png,Normal_00463730,train/Normal/00463730.png,0.436279
67,train/Normal/00321463.png,Normal_00321463,train/Normal/00321463.png,0.429932
68,train/Normal/00344448.png,Normal_00344448,train/Normal/00344448.png,0.427979
69,train/Normal/00354695.png,Normal_00354695,train/Normal/00354695.png,0.425293
70,train/Normal/00473308.png,Normal_00473308,train/Normal/00473308.png,0.423584
71,train/Normal/00399031.png,Normal_00399031,train/Normal/00399031.png,0.421875
72,train/Normal/00013447.png,Normal_00013447,train/Normal/00013447.png,0.419434
73,train/Normal/00368992.png,Normal_00368992,train/Normal/00368992.png,0.412109
74,train/Normal/00479528.png,Normal_00479528,train/Normal/00479528.png,0.408691
75,train/Normal/00369033.png,Normal_00369033,train/Normal/00369033.png,0.404785
76,train/Normal/00341812.png,Normal_00341812,train/Normal/00341812.png,0.404541
77,train/Normal/00315400.png,Normal_00315400,train/Normal/00315400.png,0.401855
78,train/Normal/00306773.png,Normal_00306773,train/Normal/00306773.png,0.39624
79,train/Normal/00038009.png,Normal_00038009,train/Normal/00038009.png,0.391357
80,train/Normal/00400764.png,Normal_00400764,train/Normal/00400764.png,0.387695
81,train/Normal/00035450.png,Normal_00035450,train/Normal/00035450.png,0.370361
82,train/Normal/00277841.png,Normal_00277841,train/Normal/00277841.png,0.368408
83,train/Normal/00481075.png,Normal_00481075,train/Normal/00481075.png,0.366211
84,train/Normal/00350271.png,Normal_00350271,train/Normal/00350271.png,0.365479
85,train/Normal/00006200.png,Normal_00006200,train/Normal/00006200.png,0.362793
86,train/Normal/00402029.png,Normal_00402029,train/Normal/00402029.png,0.361328
87,train/Normal/00348805.png,Normal_00348805,train/Normal/00348805.png,0.360596
88,train/Normal/00374379.png,Normal_00374379,train/Normal/00374379.png,0.360596
89,train/Normal/00444328.png,Normal_00444328,train/Normal/00444328.png,0.360352
90,train/Normal/00153734.png,Normal_00153734,train/Normal/00153734.png,0.359375
91,train/Normal/00314982.png,Normal_00314982,train/Normal/00314982.png,0.35791
92,train/Normal/00001524.png,Normal_00001524,train/Normal/00001524.png,0.357178
93,train/Normal/00132693.png,Normal_00132693,train/Normal/00132693.png,0.357178
94,train/Normal/00477476.png,Normal_00477476,train/Normal/00477476.png,0.355957
95,train/Normal/00383285.png,Normal_00383285,train/Normal/00383285.png,0.350586
96,train/Normal/00039977.png,Normal_00039977,train/Normal/00039977.png,0.348877
97,train/Normal/00285297.png,Normal_00285297,train/Normal/00285297.png,0.345459
98,train/Normal/00498029.png,Normal_00498029,train/Normal/00498029.png,0.344727
99,train/Normal/00399106.png,Normal_00399106,train/Normal/00399106.png,0.343994
100,train/Normal/00491113.png,Normal_00491113,train/Normal/00491113.png,0.34082
101,train/Normal/00380312.png,Normal_00380312,train/Normal/00380312.png,0.3396
102,train/Normal/00509588.png,Normal_00509588,train/Normal/00509588.png,0.337891
103,train/Normal/00137177.png,Normal_00137177,train/Normal/00137177.png,0.335693
104,train/Normal/00421255.png,Normal_00421255,train/Normal/00421255.png,0.329834
105,train/Normal/00436092.png,Normal_00436092,train/Normal/00436092.png,0.32373
106,train/Normal/00312330.png,Normal_00312330,train/Normal/00312330.png,0.323486
107,train/Normal/00405592.png,Normal_00405592,train/Normal/00405592.png,0.323486
108,train/Normal/00341239.png,Normal_00341239,train/Normal/00341239.png,0.32251
109,train/Normal/00391827.png,Normal_00391827,train/Normal/00391827.png,0.317139
110,train/Normal/00029682.png,Normal_00029682,train/Normal/00029682.png,0.316895
111,train/Normal/00288624.png,Normal_00288624,train/Normal/00288624.png,0.313965
112,train/Normal/00306064.png,Normal_00306064,train/Normal/00306064.png,0.312744
113,train/Normal/00279179.png,Normal_00279179,train/Normal/00279179.png,0.309814
114,train/Normal/00387104.png,Normal_00387104,train/Normal/00387104.png,0.307129
115,train/Normal/00159576.png,Normal_00159576,train/Normal/00159576.png,0.303223
116,train/Normal/00276363.png,Normal_00276363,train/Normal/00276363.png,0.30127
117,train/Normal/00503763.png,Normal_00503763,train/Normal/00503763.png,0.298584
118,train/Normal/00308456.png,Normal_00308456,train/Normal/00308456.png,0.296143
119,train/Normal/00315540.png,Normal_00315540,train/Normal/00315540.png,0.296143
120,train/Normal/00278336.png,Normal_00278336,train/Normal/00278336.png,0.294922
121,train/Normal/00002861.png,Normal_00002861,train/Normal/00002861.png,0.292969
122,train/Normal/00417012.png,Normal_00417012,train/Normal/00417012.png,0.291748
123,train/Normal/00018652.png,Normal_00018652,train/Normal/00018652.png,0.289795
124,train/Normal/00342738.png,Normal_00342738,train/Normal/00342738.png,0.289062
125,train/Normal/00464987.png,Normal_00464987,train/Normal/00464987.png,0.286621
126,train/Normal/00360211.png,Normal_00360211,train/Normal/00360211.png,0.28418
127,train/Normal/00163562.png,Normal_00163562,train/Normal/00163562.png,0.283691
128,train/Normal/00415827.png,Normal_00415827,train/Normal/00415827.png,0.283203
129,train/Normal/00315086.png,Normal_00315086,train/Normal/00315086.png,0.280273
130,train/Normal/00462155.png,Normal_00462155,train/Normal/00462155.png,0.280029
131,train/Normal/00278211.png,Normal_00278211,train/Normal/00278211.png,0.279053
132,train/Normal/00032145.png,Normal_00032145,train/Normal/00032145.png,0.2771
133,train/Normal/00431168.png,Normal_00431168,train/Normal/00431168.png,0.275146
134,train/Normal/00480646.png,Normal_00480646,train/Normal/00480646.png,0.275146
135,train/Normal/00414877.png,Normal_00414877,train/Normal/00414877.png,0.274902
136,train/Normal/00457555.png,Normal_00457555,train/Normal/00457555.png,0.274414
137,train/Normal/00423666.png,Normal_00423666,train/Normal/00423666.png,0.265869
138,train/Normal/00298702.png,Normal_00298702,train/Normal/00298702.png,0.265137
139,train/Normal/00429058.png,Normal_00429058,train/Normal/00429058.png,0.259521
140,train/Normal/00444256.png,Normal_00444256,train/Normal/00444256.png,0.259521
141,train/Normal/00387838.png,Normal_00387838,train/Normal/00387838.png,0.257568
142,train/Normal/00324327.png,Normal_00324327,train/Normal/00324327.png,0.256836
143,train/Normal/00416011.png,Normal_00416011,train/Normal/00416011.png,0.256836
144,train/Normal/00002449.png,Normal_00002449,train/Normal/00002449.png,0.252197
145,train/Normal/00486991.png,Normal_00486991,train/Normal/00486991.png,0.24585
146,train/Normal/00446817.png,Normal_00446817,train/Normal/00446817.png,0.245239
147,train/Normal/00344240.png,Normal_00344240,train/Normal/00344240.png,0.245117
148,train/Normal/00394189.png,Normal_00394189,train/Normal/00394189.png,0.244995
149,train/Normal/00027237.png,Normal_00027237,train/Normal/00027237.png,0.241455
150,train/Normal/00482040.png,Normal_00482040,train/Normal/00482040.png,0.241089
151,train/Normal/00020509.png,Normal_00020509,train/Normal/00020509.png,0.237549
