epoch,checkpoint_file,checkpoint_path,accuracy,auroc,auprc
1,epoch0.pt,C:\Users\ASUS\Desktop\YOLOv11\YOLO-CV\YOLOv11\runs\stage1_formal_cls6\yolo11s_cls6_formal_200ep\weights\epoch_001.pt,0.476389,0.843875,0.961887
2,epoch1.pt,C:\Users\ASUS\Desktop\YOLOv11\YOLO-CV\YOLOv11\runs\stage1_formal_cls6\yolo11s_cls6_formal_200ep\weights\epoch_002.pt,0.523611,0.824083,0.954323
3,epoch2.pt,C:\Users\ASUS\Desktop\YOLOv11\YOLO-CV\YOLOv11\runs\stage1_formal_cls6\yolo11s_cls6_formal_200ep\weights\epoch_003.pt,0.422222,0.806542,0.956831
4,epoch3.pt,C:\Users\ASUS\Desktop\YOLOv11\YOLO-CV\YOLOv11\runs\stage1_formal_cls6\yolo11s_cls6_formal_200ep\weights\epoch_004.pt,0.494444,0.843611,0.962705
5,epoch4.pt,C:\Users\ASUS\Desktop\YOLOv11\YOLO-CV\YOLOv11\runs\stage1_formal_cls6\yolo11s_cls6_formal_200ep\weights\epoch_005.pt,0.502778,0.863069,0.967739
6,epoch5.pt,C:\Users\ASUS\Desktop\YOLOv11\YOLO-CV\YOLOv11\runs\stage1_formal_cls6\yolo11s_cls6_formal_200ep\weights\epoch_006.pt,0.508333,0.854139,0.965538
7,epoch6.pt,C:\Users\ASUS\Desktop\YOLOv11\YOLO-CV\YOLOv11\runs\stage1_formal_cls6\yolo11s_cls6_formal_200ep\weights\epoch_007.pt,0.511111,0.838264,0.954189
8,epoch7.pt,C:\Users\ASUS\Desktop\YOLOv11\YOLO-CV\YOLOv11\runs\stage1_formal_cls6\yolo11s_cls6_formal_200ep\weights\epoch_008.pt,0.547222,0.865611,0.963426
9,epoch8.pt,C:\Users\ASUS\Desktop\YOLOv11\YOLO-CV\YOLOv11\runs\stage1_formal_cls6\yolo11s_cls6_formal_200ep\weights\epoch_009.pt,0.533333,0.893931,0.976439
10,epoch9.pt,C:\Users\ASUS\Desktop\YOLOv11\YOLO-CV\YOLOv11\runs\stage1_formal_cls6\yolo11s_cls6_formal_200ep\weights\epoch_010.pt,0.551389,0.877264,0.969958
11,epoch10.pt,C:\Users\ASUS\Desktop\YOLOv11\YOLO-CV\YOLOv11\runs\stage1_formal_cls6\yolo11s_cls6_formal_200ep\weights\epoch_011.pt,0.590278,0.899819,0.973879
12,epoch11.pt,C:\Users\ASUS\Desktop\YOLOv11\YOLO-CV\YOLOv11\runs\stage1_formal_cls6\yolo11s_cls6_formal_200ep\weights\epoch_012.pt,0.584722,0.895736,0.974945
13,epoch12.pt,C:\Users\ASUS\Desktop\YOLOv11\YOLO-CV\YOLOv11\runs\stage1_formal_cls6\yolo11s_cls6_formal_200ep\weights\epoch_013.pt,0.598611,0.903528,0.977414
14,epoch13.pt,C:\Users\ASUS\Desktop\YOLOv11\YOLO-CV\YOLOv11\runs\stage1_formal_cls6\yolo11s_cls6_formal_200ep\weights\epoch_014.pt,0.590278,0.908667,0.976183
15,epoch14.pt,C:\Users\ASUS\Desktop\YOLOv11\YOLO-CV\YOLOv11\runs\stage1_formal_cls6\yolo11s_cls6_formal_200ep\weights\epoch_015.pt,0.581944,0.899125,0.974438
16,epoch15.pt,C:\Users\ASUS\Desktop\YOLOv11\YOLO-CV\YOLOv11\runs\stage1_formal_cls6\yolo11s_cls6_formal_200ep\weights\epoch_016.pt,0.605556,0.913806,0.979274
17,epoch16.pt,C:\Users\ASUS\Desktop\YOLOv11\YOLO-CV\YOLOv11\runs\stage1_formal_cls6\yolo11s_cls6_formal_200ep\weights\epoch_017.pt,0.602778,0.908875,0.978607
18,epoch17.pt,C:\Users\ASUS\Desktop\YOLOv11\YOLO-CV\YOLOv11\runs\stage1_formal_cls6\yolo11s_cls6_formal_200ep\weights\epoch_018.pt,0.5875,0.916458,0.980389
19,epoch18.pt,C:\Users\ASUS\Desktop\YOLOv11\YOLO-CV\YOLOv11\runs\stage1_formal_cls6\yolo11s_cls6_formal_200ep\weights\epoch_019.pt,0.620833,0.923903,0.981446
20,epoch19.pt,C:\Users\ASUS\Desktop\YOLOv11\YOLO-CV\YOLOv11\runs\stage1_formal_cls6\yolo11s_cls6_formal_200ep\weights\epoch_020.pt,0.597222,0.90575,0.977676
21,epoch20.pt,C:\Users\ASUS\Desktop\YOLOv11\YOLO-CV\YOLOv11\runs\stage1_formal_cls6\yolo11s_cls6_formal_200ep\weights\epoch_021.pt,0.615278,0.924097,0.981516
22,epoch21.pt,C:\Users\ASUS\Desktop\YOLOv11\YOLO-CV\YOLOv11\runs\stage1_formal_cls6\yolo11s_cls6_formal_200ep\weights\epoch_022.pt,0.593056,0.923125,0.981702
23,epoch22.pt,C:\Users\ASUS\Desktop\YOLOv11\YOLO-CV\YOLOv11\runs\stage1_formal_cls6\yolo11s_cls6_formal_200ep\weights\epoch_023.pt,0.588889,0.916861,0.980555
24,epoch23.pt,C:\Users\ASUS\Desktop\YOLOv11\YOLO-CV\YOLOv11\runs\stage1_formal_cls6\yolo11s_cls6_formal_200ep\weights\epoch_024.pt,0.630556,0.922528,0.981418
25,epoch24.pt,C:\Users\ASUS\Desktop\YOLOv11\YOLO-CV\YOLOv11\runs\stage1_formal_cls6\yolo11s_cls6_formal_200ep\weights\epoch_025.pt,0.620833,0.921722,0.97936
26,epoch25.pt,C:\Users\ASUS\Desktop\YOLOv11\YOLO-CV\YOLOv11\runs\stage1_formal_cls6\yolo11s_cls6_formal_200ep\weights\epoch_026.pt,0.629167,0.923861,0.980549
27,epoch26.pt,C:\Users\ASUS\Desktop\YOLOv11\YOLO-CV\YOLOv11\runs\stage1_formal_cls6\yolo11s_cls6_formal_200ep\weights\epoch_027.pt,0.619444,0.929736,0.98447
28,epoch27.pt,C:\Users\ASUS\Desktop\YOLOv11\YOLO-CV\YOLOv11\runs\stage1_formal_cls6\yolo11s_cls6_formal_200ep\weights\epoch_028.pt,0.6125,0.930347,0.981969
29,epoch28.pt,C:\Users\ASUS\Desktop\YOLOv11\YOLO-CV\YOLOv11\runs\stage1_formal_cls6\yolo11s_cls6_formal_200ep\weights\epoch_029.pt,0.620833,0.925556,0.981548
30,epoch29.pt,C:\Users\ASUS\Desktop\YOLOv11\YOLO-CV\YOLOv11\runs\stage1_formal_cls6\yolo11s_cls6_formal_200ep\weights\epoch_030.pt,0.6375,0.919028,0.979025
31,epoch30.pt,C:\Users\ASUS\Desktop\YOLOv11\YOLO-CV\YOLOv11\runs\stage1_formal_cls6\yolo11s_cls6_formal_200ep\weights\epoch_031.pt,0.630556,0.912,0.978835
32,epoch31.pt,C:\Users\ASUS\Desktop\YOLOv11\YOLO-CV\YOLOv11\runs\stage1_formal_cls6\yolo11s_cls6_formal_200ep\weights\epoch_032.pt,0.625,0.934764,0.98504
33,epoch32.pt,C:\Users\ASUS\Desktop\YOLOv11\YOLO-CV\YOLOv11\runs\stage1_formal_cls6\yolo11s_cls6_formal_200ep\weights\epoch_033.pt,0.629167,0.938667,0.985839
34,epoch33.pt,C:\Users\ASUS\Desktop\YOLOv11\YOLO-CV\YOLOv11\runs\stage1_formal_cls6\yolo11s_cls6_formal_200ep\weights\epoch_034.pt,0.622222,0.931278,0.981612
35,epoch34.pt,C:\Users\ASUS\Desktop\YOLOv11\YOLO-CV\YOLOv11\runs\stage1_formal_cls6\yolo11s_cls6_formal_200ep\weights\epoch_035.pt,0.643056,0.924722,0.981111
36,epoch35.pt,C:\Users\ASUS\Desktop\YOLOv11\YOLO-CV\YOLOv11\runs\stage1_formal_cls6\yolo11s_cls6_formal_200ep\weights\epoch_036.pt,0.608333,0.917222,0.980634
37,epoch36.pt,C:\Users\ASUS\Desktop\YOLOv11\YOLO-CV\YOLOv11\runs\stage1_formal_cls6\yolo11s_cls6_formal_200ep\weights\epoch_037.pt,0.645833,0.935472,0.983388
38,epoch37.pt,C:\Users\ASUS\Desktop\YOLOv11\YOLO-CV\YOLOv11\runs\stage1_formal_cls6\yolo11s_cls6_formal_200ep\weights\epoch_038.pt,0.633333,0.932847,0.983936
39,epoch38.pt,C:\Users\ASUS\Desktop\YOLOv11\YOLO-CV\YOLOv11\runs\stage1_formal_cls6\yolo11s_cls6_formal_200ep\weights\epoch_039.pt,0.619444,0.934597,0.984064
40,epoch39.pt,C:\Users\ASUS\Desktop\YOLOv11\YOLO-CV\YOLOv11\runs\stage1_formal_cls6\yolo11s_cls6_formal_200ep\weights\epoch_040.pt,0.648611,0.936153,0.98388
41,epoch40.pt,C:\Users\ASUS\Desktop\YOLOv11\YOLO-CV\YOLOv11\runs\stage1_formal_cls6\yolo11s_cls6_formal_200ep\weights\epoch_041.pt,0.645833,0.939292,0.985457
42,epoch41.pt,C:\Users\ASUS\Desktop\YOLOv11\YOLO-CV\YOLOv11\runs\stage1_formal_cls6\yolo11s_cls6_formal_200ep\weights\epoch_042.pt,0.641667,0.92775,0.981305
43,epoch42.pt,C:\Users\ASUS\Desktop\YOLOv11\YOLO-CV\YOLOv11\runs\stage1_formal_cls6\yolo11s_cls6_formal_200ep\weights\epoch_043.pt,0.609722,0.9305,0.982983
44,epoch43.pt,C:\Users\ASUS\Desktop\YOLOv11\YOLO-CV\YOLOv11\runs\stage1_formal_cls6\yolo11s_cls6_formal_200ep\weights\epoch_044.pt,0.648611,0.933653,0.984633
45,epoch44.pt,C:\Users\ASUS\Desktop\YOLOv11\YOLO-CV\YOLOv11\runs\stage1_formal_cls6\yolo11s_cls6_formal_200ep\weights\epoch_045.pt,0.6375,0.930292,0.984023
46,epoch45.pt,C:\Users\ASUS\Desktop\YOLOv11\YOLO-CV\YOLOv11\runs\stage1_formal_cls6\yolo11s_cls6_formal_200ep\weights\epoch_046.pt,0.622222,0.932417,0.982659
47,epoch46.pt,C:\Users\ASUS\Desktop\YOLOv11\YOLO-CV\YOLOv11\runs\stage1_formal_cls6\yolo11s_cls6_formal_200ep\weights\epoch_047.pt,0.659722,0.938486,0.985739
48,epoch47.pt,C:\Users\ASUS\Desktop\YOLOv11\YOLO-CV\YOLOv11\runs\stage1_formal_cls6\yolo11s_cls6_formal_200ep\weights\epoch_048.pt,0.659722,0.943764,0.986921
49,epoch48.pt,C:\Users\ASUS\Desktop\YOLOv11\YOLO-CV\YOLOv11\runs\stage1_formal_cls6\yolo11s_cls6_formal_200ep\weights\epoch_049.pt,0.627778,0.930792,0.982094
50,epoch49.pt,C:\Users\ASUS\Desktop\YOLOv11\YOLO-CV\YOLOv11\runs\stage1_formal_cls6\yolo11s_cls6_formal_200ep\weights\epoch_050.pt,0.638889,0.937625,0.985673
51,epoch50.pt,C:\Users\ASUS\Desktop\YOLOv11\YOLO-CV\YOLOv11\runs\stage1_formal_cls6\yolo11s_cls6_formal_200ep\weights\epoch_051.pt,0.675,0.929667,0.98191
52,epoch51.pt,C:\Users\ASUS\Desktop\YOLOv11\YOLO-CV\YOLOv11\runs\stage1_formal_cls6\yolo11s_cls6_formal_200ep\weights\epoch_052.pt,0.655556,0.938542,0.984668
53,epoch52.pt,C:\Users\ASUS\Desktop\YOLOv11\YOLO-CV\YOLOv11\runs\stage1_formal_cls6\yolo11s_cls6_formal_200ep\weights\epoch_053.pt,0.651389,0.941083,0.986137
54,epoch53.pt,C:\Users\ASUS\Desktop\YOLOv11\YOLO-CV\YOLOv11\runs\stage1_formal_cls6\yolo11s_cls6_formal_200ep\weights\epoch_054.pt,0.638889,0.938542,0.984627
55,epoch54.pt,C:\Users\ASUS\Desktop\YOLOv11\YOLO-CV\YOLOv11\runs\stage1_formal_cls6\yolo11s_cls6_formal_200ep\weights\epoch_055.pt,0.661111,0.936167,0.98454
56,epoch55.pt,C:\Users\ASUS\Desktop\YOLOv11\YOLO-CV\YOLOv11\runs\stage1_formal_cls6\yolo11s_cls6_formal_200ep\weights\epoch_056.pt,0.638889,0.934583,0.983834
57,epoch56.pt,C:\Users\ASUS\Desktop\YOLOv11\YOLO-CV\YOLOv11\runs\stage1_formal_cls6\yolo11s_cls6_formal_200ep\weights\epoch_057.pt,0.645833,0.938806,0.98437
58,epoch57.pt,C:\Users\ASUS\Desktop\YOLOv11\YOLO-CV\YOLOv11\runs\stage1_formal_cls6\yolo11s_cls6_formal_200ep\weights\epoch_058.pt,0.666667,0.937222,0.983454
59,epoch58.pt,C:\Users\ASUS\Desktop\YOLOv11\YOLO-CV\YOLOv11\runs\stage1_formal_cls6\yolo11s_cls6_formal_200ep\weights\epoch_059.pt,0.648611,0.938931,0.984401
60,epoch59.pt,C:\Users\ASUS\Desktop\YOLOv11\YOLO-CV\YOLOv11\runs\stage1_formal_cls6\yolo11s_cls6_formal_200ep\weights\epoch_060.pt,0.673611,0.939,0.984934
61,epoch60.pt,C:\Users\ASUS\Desktop\YOLOv11\YOLO-CV\YOLOv11\runs\stage1_formal_cls6\yolo11s_cls6_formal_200ep\weights\epoch_061.pt,0.656944,0.93575,0.984222
62,epoch61.pt,C:\Users\ASUS\Desktop\YOLOv11\YOLO-CV\YOLOv11\runs\stage1_formal_cls6\yolo11s_cls6_formal_200ep\weights\epoch_062.pt,0.65,0.937972,0.984809
63,epoch62.pt,C:\Users\ASUS\Desktop\YOLOv11\YOLO-CV\YOLOv11\runs\stage1_formal_cls6\yolo11s_cls6_formal_200ep\weights\epoch_063.pt,0.640278,0.935556,0.984052
64,epoch63.pt,C:\Users\ASUS\Desktop\YOLOv11\YOLO-CV\YOLOv11\runs\stage1_formal_cls6\yolo11s_cls6_formal_200ep\weights\epoch_064.pt,0.6625,0.935875,0.985363
65,epoch64.pt,C:\Users\ASUS\Desktop\YOLOv11\YOLO-CV\YOLOv11\runs\stage1_formal_cls6\yolo11s_cls6_formal_200ep\weights\epoch_065.pt,0.638889,0.941694,0.984851
66,epoch65.pt,C:\Users\ASUS\Desktop\YOLOv11\YOLO-CV\YOLOv11\runs\stage1_formal_cls6\yolo11s_cls6_formal_200ep\weights\epoch_066.pt,0.658333,0.936597,0.983992
67,epoch66.pt,C:\Users\ASUS\Desktop\YOLOv11\YOLO-CV\YOLOv11\runs\stage1_formal_cls6\yolo11s_cls6_formal_200ep\weights\epoch_067.pt,0.648611,0.940194,0.983621
68,epoch67.pt,C:\Users\ASUS\Desktop\YOLOv11\YOLO-CV\YOLOv11\runs\stage1_formal_cls6\yolo11s_cls6_formal_200ep\weights\epoch_068.pt,0.658333,0.936361,0.983363
69,epoch68.pt,C:\Users\ASUS\Desktop\YOLOv11\YOLO-CV\YOLOv11\runs\stage1_formal_cls6\yolo11s_cls6_formal_200ep\weights\epoch_069.pt,0.654167,0.941417,0.986641
70,epoch69.pt,C:\Users\ASUS\Desktop\YOLOv11\YOLO-CV\YOLOv11\runs\stage1_formal_cls6\yolo11s_cls6_formal_200ep\weights\epoch_070.pt,0.665278,0.941819,0.986655
71,epoch70.pt,C:\Users\ASUS\Desktop\YOLOv11\YOLO-CV\YOLOv11\runs\stage1_formal_cls6\yolo11s_cls6_formal_200ep\weights\epoch_071.pt,0.648611,0.938722,0.985131
72,epoch71.pt,C:\Users\ASUS\Desktop\YOLOv11\YOLO-CV\YOLOv11\runs\stage1_formal_cls6\yolo11s_cls6_formal_200ep\weights\epoch_072.pt,0.6625,0.937125,0.984708
73,epoch72.pt,C:\Users\ASUS\Desktop\YOLOv11\YOLO-CV\YOLOv11\runs\stage1_formal_cls6\yolo11s_cls6_formal_200ep\weights\epoch_073.pt,0.655556,0.928639,0.982497
74,epoch73.pt,C:\Users\ASUS\Desktop\YOLOv11\YOLO-CV\YOLOv11\runs\stage1_formal_cls6\yolo11s_cls6_formal_200ep\weights\epoch_074.pt,0.669444,0.930083,0.982385
75,epoch74.pt,C:\Users\ASUS\Desktop\YOLOv11\YOLO-CV\YOLOv11\runs\stage1_formal_cls6\yolo11s_cls6_formal_200ep\weights\epoch_075.pt,0.676389,0.932917,0.982526
76,epoch75.pt,C:\Users\ASUS\Desktop\YOLOv11\YOLO-CV\YOLOv11\runs\stage1_formal_cls6\yolo11s_cls6_formal_200ep\weights\epoch_076.pt,0.645833,0.936125,0.984351
77,epoch76.pt,C:\Users\ASUS\Desktop\YOLOv11\YOLO-CV\YOLOv11\runs\stage1_formal_cls6\yolo11s_cls6_formal_200ep\weights\epoch_077.pt,0.641667,0.937681,0.984658
78,epoch77.pt,C:\Users\ASUS\Desktop\YOLOv11\YOLO-CV\YOLOv11\runs\stage1_formal_cls6\yolo11s_cls6_formal_200ep\weights\epoch_078.pt,0.656944,0.936319,0.984492
79,epoch78.pt,C:\Users\ASUS\Desktop\YOLOv11\YOLO-CV\YOLOv11\runs\stage1_formal_cls6\yolo11s_cls6_formal_200ep\weights\epoch_079.pt,0.670833,0.936208,0.982695
80,epoch79.pt,C:\Users\ASUS\Desktop\YOLOv11\YOLO-CV\YOLOv11\runs\stage1_formal_cls6\yolo11s_cls6_formal_200ep\weights\epoch_080.pt,0.655556,0.935389,0.983775
81,epoch80.pt,C:\Users\ASUS\Desktop\YOLOv11\YOLO-CV\YOLOv11\runs\stage1_formal_cls6\yolo11s_cls6_formal_200ep\weights\epoch_081.pt,0.658333,0.938028,0.984498
82,epoch81.pt,C:\Users\ASUS\Desktop\YOLOv11\YOLO-CV\YOLOv11\runs\stage1_formal_cls6\yolo11s_cls6_formal_200ep\weights\epoch_082.pt,0.673611,0.941264,0.985412
83,epoch82.pt,C:\Users\ASUS\Desktop\YOLOv11\YOLO-CV\YOLOv11\runs\stage1_formal_cls6\yolo11s_cls6_formal_200ep\weights\epoch_083.pt,0.668056,0.934542,0.984521
84,epoch83.pt,C:\Users\ASUS\Desktop\YOLOv11\YOLO-CV\YOLOv11\runs\stage1_formal_cls6\yolo11s_cls6_formal_200ep\weights\epoch_084.pt,0.675,0.937972,0.984857
85,epoch84.pt,C:\Users\ASUS\Desktop\YOLOv11\YOLO-CV\YOLOv11\runs\stage1_formal_cls6\yolo11s_cls6_formal_200ep\weights\epoch_085.pt,0.675,0.939306,0.984538
86,epoch85.pt,C:\Users\ASUS\Desktop\YOLOv11\YOLO-CV\YOLOv11\runs\stage1_formal_cls6\yolo11s_cls6_formal_200ep\weights\epoch_086.pt,0.676389,0.935528,0.984323
87,epoch86.pt,C:\Users\ASUS\Desktop\YOLOv11\YOLO-CV\YOLOv11\runs\stage1_formal_cls6\yolo11s_cls6_formal_200ep\weights\epoch_087.pt,0.677778,0.940417,0.985603
88,epoch87.pt,C:\Users\ASUS\Desktop\YOLOv11\YOLO-CV\YOLOv11\runs\stage1_formal_cls6\yolo11s_cls6_formal_200ep\weights\epoch_088.pt,0.666667,0.933653,0.983118
89,epoch88.pt,C:\Users\ASUS\Desktop\YOLOv11\YOLO-CV\YOLOv11\runs\stage1_formal_cls6\yolo11s_cls6_formal_200ep\weights\epoch_089.pt,0.669444,0.936597,0.984534
90,epoch89.pt,C:\Users\ASUS\Desktop\YOLOv11\YOLO-CV\YOLOv11\runs\stage1_formal_cls6\yolo11s_cls6_formal_200ep\weights\epoch_090.pt,0.656944,0.933708,0.983805
91,epoch90.pt,C:\Users\ASUS\Desktop\YOLOv11\YOLO-CV\YOLOv11\runs\stage1_formal_cls6\yolo11s_cls6_formal_200ep\weights\epoch_091.pt,0.654167,0.936917,0.984536
92,epoch91.pt,C:\Users\ASUS\Desktop\YOLOv11\YOLO-CV\YOLOv11\runs\stage1_formal_cls6\yolo11s_cls6_formal_200ep\weights\epoch_092.pt,0.666667,0.936347,0.984541
93,epoch92.pt,C:\Users\ASUS\Desktop\YOLOv11\YOLO-CV\YOLOv11\runs\stage1_formal_cls6\yolo11s_cls6_formal_200ep\weights\epoch_093.pt,0.663889,0.933069,0.982818
94,epoch93.pt,C:\Users\ASUS\Desktop\YOLOv11\YOLO-CV\YOLOv11\runs\stage1_formal_cls6\yolo11s_cls6_formal_200ep\weights\epoch_094.pt,0.663889,0.932708,0.983108
95,epoch94.pt,C:\Users\ASUS\Desktop\YOLOv11\YOLO-CV\YOLOv11\runs\stage1_formal_cls6\yolo11s_cls6_formal_200ep\weights\epoch_095.pt,0.672222,0.928861,0.981957
96,epoch95.pt,C:\Users\ASUS\Desktop\YOLOv11\YOLO-CV\YOLOv11\runs\stage1_formal_cls6\yolo11s_cls6_formal_200ep\weights\epoch_096.pt,0.668056,0.932,0.982829
97,epoch96.pt,C:\Users\ASUS\Desktop\YOLOv11\YOLO-CV\YOLOv11\runs\stage1_formal_cls6\yolo11s_cls6_formal_200ep\weights\epoch_097.pt,0.655556,0.930667,0.982411
98,epoch97.pt,C:\Users\ASUS\Desktop\YOLOv11\YOLO-CV\YOLOv11\runs\stage1_formal_cls6\yolo11s_cls6_formal_200ep\weights\epoch_098.pt,0.655556,0.930167,0.982649
99,epoch98.pt,C:\Users\ASUS\Desktop\YOLOv11\YOLO-CV\YOLOv11\runs\stage1_formal_cls6\yolo11s_cls6_formal_200ep\weights\epoch_099.pt,0.659722,0.937111,0.984168
100,epoch99.pt,C:\Users\ASUS\Desktop\YOLOv11\YOLO-CV\YOLOv11\runs\stage1_formal_cls6\yolo11s_cls6_formal_200ep\weights\epoch_100.pt,0.666667,0.938458,0.984609
101,epoch100.pt,C:\Users\ASUS\Desktop\YOLOv11\YOLO-CV\YOLOv11\runs\stage1_formal_cls6\yolo11s_cls6_formal_200ep\weights\epoch_101.pt,0.666667,0.937861,0.984476
102,epoch101.pt,C:\Users\ASUS\Desktop\YOLOv11\YOLO-CV\YOLOv11\runs\stage1_formal_cls6\yolo11s_cls6_formal_200ep\weights\epoch_102.pt,0.665278,0.937153,0.984106
103,epoch102.pt,C:\Users\ASUS\Desktop\YOLOv11\YOLO-CV\YOLOv11\runs\stage1_formal_cls6\yolo11s_cls6_formal_200ep\weights\epoch_103.pt,0.659722,0.939361,0.984751
104,epoch103.pt,C:\Users\ASUS\Desktop\YOLOv11\YOLO-CV\YOLOv11\runs\stage1_formal_cls6\yolo11s_cls6_formal_200ep\weights\epoch_104.pt,0.665278,0.942306,0.985379
105,epoch104.pt,C:\Users\ASUS\Desktop\YOLOv11\YOLO-CV\YOLOv11\runs\stage1_formal_cls6\yolo11s_cls6_formal_200ep\weights\epoch_105.pt,0.666667,0.939403,0.985064
106,epoch105.pt,C:\Users\ASUS\Desktop\YOLOv11\YOLO-CV\YOLOv11\runs\stage1_formal_cls6\yolo11s_cls6_formal_200ep\weights\epoch_106.pt,0.673611,0.938125,0.984836
107,epoch106.pt,C:\Users\ASUS\Desktop\YOLOv11\YOLO-CV\YOLOv11\runs\stage1_formal_cls6\yolo11s_cls6_formal_200ep\weights\epoch_107.pt,0.675,0.939903,0.985269
108,epoch107.pt,C:\Users\ASUS\Desktop\YOLOv11\YOLO-CV\YOLOv11\runs\stage1_formal_cls6\yolo11s_cls6_formal_200ep\weights\epoch_108.pt,0.670833,0.938278,0.984984
109,epoch108.pt,C:\Users\ASUS\Desktop\YOLOv11\YOLO-CV\YOLOv11\runs\stage1_formal_cls6\yolo11s_cls6_formal_200ep\weights\epoch_109.pt,0.679167,0.941444,0.986203
110,epoch109.pt,C:\Users\ASUS\Desktop\YOLOv11\YOLO-CV\YOLOv11\runs\stage1_formal_cls6\yolo11s_cls6_formal_200ep\weights\epoch_110.pt,0.673611,0.940403,0.985832
111,epoch110.pt,C:\Users\ASUS\Desktop\YOLOv11\YOLO-CV\YOLOv11\runs\stage1_formal_cls6\yolo11s_cls6_formal_200ep\weights\epoch_111.pt,0.673611,0.941722,0.985969
112,epoch111.pt,C:\Users\ASUS\Desktop\YOLOv11\YOLO-CV\YOLOv11\runs\stage1_formal_cls6\yolo11s_cls6_formal_200ep\weights\epoch_112.pt,0.676389,0.941486,0.985857
113,epoch112.pt,C:\Users\ASUS\Desktop\YOLOv11\YOLO-CV\YOLOv11\runs\stage1_formal_cls6\yolo11s_cls6_formal_200ep\weights\epoch_113.pt,0.673611,0.939625,0.985243
114,epoch113.pt,C:\Users\ASUS\Desktop\YOLOv11\YOLO-CV\YOLOv11\runs\stage1_formal_cls6\yolo11s_cls6_formal_200ep\weights\epoch_114.pt,0.683333,0.940125,0.985158
115,epoch114.pt,C:\Users\ASUS\Desktop\YOLOv11\YOLO-CV\YOLOv11\runs\stage1_formal_cls6\yolo11s_cls6_formal_200ep\weights\epoch_115.pt,0.681944,0.940083,0.984608
116,epoch115.pt,C:\Users\ASUS\Desktop\YOLOv11\YOLO-CV\YOLOv11\runs\stage1_formal_cls6\yolo11s_cls6_formal_200ep\weights\epoch_116.pt,0.684722,0.939903,0.98454
117,epoch116.pt,C:\Users\ASUS\Desktop\YOLOv11\YOLO-CV\YOLOv11\runs\stage1_formal_cls6\yolo11s_cls6_formal_200ep\weights\epoch_117.pt,0.688889,0.938493,0.984437
118,epoch117.pt,C:\Users\ASUS\Desktop\YOLOv11\YOLO-CV\YOLOv11\runs\stage1_formal_cls6\yolo11s_cls6_formal_200ep\weights\epoch_118.pt,0.672222,0.93675,0.984164
119,epoch118.pt,C:\Users\ASUS\Desktop\YOLOv11\YOLO-CV\YOLOv11\runs\stage1_formal_cls6\yolo11s_cls6_formal_200ep\weights\epoch_119.pt,0.669444,0.937625,0.984669
120,epoch119.pt,C:\Users\ASUS\Desktop\YOLOv11\YOLO-CV\YOLOv11\runs\stage1_formal_cls6\yolo11s_cls6_formal_200ep\weights\epoch_120.pt,0.672222,0.938167,0.985028
121,epoch120.pt,C:\Users\ASUS\Desktop\YOLOv11\YOLO-CV\YOLOv11\runs\stage1_formal_cls6\yolo11s_cls6_formal_200ep\weights\epoch_121.pt,0.681944,0.941431,0.985785
122,epoch121.pt,C:\Users\ASUS\Desktop\YOLOv11\YOLO-CV\YOLOv11\runs\stage1_formal_cls6\yolo11s_cls6_formal_200ep\weights\epoch_122.pt,0.673611,0.942569,0.986152
123,epoch122.pt,C:\Users\ASUS\Desktop\YOLOv11\YOLO-CV\YOLOv11\runs\stage1_formal_cls6\yolo11s_cls6_formal_200ep\weights\epoch_123.pt,0.680556,0.944917,0.986874
124,epoch123.pt,C:\Users\ASUS\Desktop\YOLOv11\YOLO-CV\YOLOv11\runs\stage1_formal_cls6\yolo11s_cls6_formal_200ep\weights\epoch_124.pt,0.683333,0.94466,0.986806
125,epoch124.pt,C:\Users\ASUS\Desktop\YOLOv11\YOLO-CV\YOLOv11\runs\stage1_formal_cls6\yolo11s_cls6_formal_200ep\weights\epoch_125.pt,0.679167,0.943049,0.986343
126,epoch125.pt,C:\Users\ASUS\Desktop\YOLOv11\YOLO-CV\YOLOv11\runs\stage1_formal_cls6\yolo11s_cls6_formal_200ep\weights\epoch_126.pt,0.680556,0.941097,0.98581
127,epoch126.pt,C:\Users\ASUS\Desktop\YOLOv11\YOLO-CV\YOLOv11\runs\stage1_formal_cls6\yolo11s_cls6_formal_200ep\weights\epoch_127.pt,0.675,0.94041,0.985501
128,epoch127.pt,C:\Users\ASUS\Desktop\YOLOv11\YOLO-CV\YOLOv11\runs\stage1_formal_cls6\yolo11s_cls6_formal_200ep\weights\epoch_128.pt,0.669444,0.940632,0.985273
129,epoch128.pt,C:\Users\ASUS\Desktop\YOLOv11\YOLO-CV\YOLOv11\runs\stage1_formal_cls6\yolo11s_cls6_formal_200ep\weights\epoch_129.pt,0.677778,0.94134,0.985494
130,epoch129.pt,C:\Users\ASUS\Desktop\YOLOv11\YOLO-CV\YOLOv11\runs\stage1_formal_cls6\yolo11s_cls6_formal_200ep\weights\epoch_130.pt,0.680556,0.940306,0.985292
131,epoch130.pt,C:\Users\ASUS\Desktop\YOLOv11\YOLO-CV\YOLOv11\runs\stage1_formal_cls6\yolo11s_cls6_formal_200ep\weights\epoch_131.pt,0.679167,0.940264,0.985332
132,epoch131.pt,C:\Users\ASUS\Desktop\YOLOv11\YOLO-CV\YOLOv11\runs\stage1_formal_cls6\yolo11s_cls6_formal_200ep\weights\epoch_132.pt,0.675,0.94009,0.985474
133,epoch132.pt,C:\Users\ASUS\Desktop\YOLOv11\YOLO-CV\YOLOv11\runs\stage1_formal_cls6\yolo11s_cls6_formal_200ep\weights\epoch_133.pt,0.680556,0.939278,0.98528
134,epoch133.pt,C:\Users\ASUS\Desktop\YOLOv11\YOLO-CV\YOLOv11\runs\stage1_formal_cls6\yolo11s_cls6_formal_200ep\weights\epoch_134.pt,0.681944,0.939174,0.985215
135,epoch134.pt,C:\Users\ASUS\Desktop\YOLOv11\YOLO-CV\YOLOv11\runs\stage1_formal_cls6\yolo11s_cls6_formal_200ep\weights\epoch_135.pt,0.676389,0.939035,0.985224
136,epoch135.pt,C:\Users\ASUS\Desktop\YOLOv11\YOLO-CV\YOLOv11\runs\stage1_formal_cls6\yolo11s_cls6_formal_200ep\weights\epoch_136.pt,0.676389,0.938604,0.985037
137,epoch136.pt,C:\Users\ASUS\Desktop\YOLOv11\YOLO-CV\YOLOv11\runs\stage1_formal_cls6\yolo11s_cls6_formal_200ep\weights\epoch_137.pt,0.680556,0.938778,0.985104
138,epoch137.pt,C:\Users\ASUS\Desktop\YOLOv11\YOLO-CV\YOLOv11\runs\stage1_formal_cls6\yolo11s_cls6_formal_200ep\weights\epoch_138.pt,0.670833,0.939611,0.985295
139,epoch138.pt,C:\Users\ASUS\Desktop\YOLOv11\YOLO-CV\YOLOv11\runs\stage1_formal_cls6\yolo11s_cls6_formal_200ep\weights\epoch_139.pt,0.676389,0.939708,0.985262
140,epoch139.pt,C:\Users\ASUS\Desktop\YOLOv11\YOLO-CV\YOLOv11\runs\stage1_formal_cls6\yolo11s_cls6_formal_200ep\weights\epoch_140.pt,0.680556,0.939438,0.98515
141,epoch140.pt,C:\Users\ASUS\Desktop\YOLOv11\YOLO-CV\YOLOv11\runs\stage1_formal_cls6\yolo11s_cls6_formal_200ep\weights\epoch_141.pt,0.681944,0.939326,0.984988
142,epoch141.pt,C:\Users\ASUS\Desktop\YOLOv11\YOLO-CV\YOLOv11\runs\stage1_formal_cls6\yolo11s_cls6_formal_200ep\weights\epoch_142.pt,0.681944,0.939243,0.984992
143,epoch142.pt,C:\Users\ASUS\Desktop\YOLOv11\YOLO-CV\YOLOv11\runs\stage1_formal_cls6\yolo11s_cls6_formal_200ep\weights\epoch_143.pt,0.677778,0.938903,0.984887
144,epoch143.pt,C:\Users\ASUS\Desktop\YOLOv11\YOLO-CV\YOLOv11\runs\stage1_formal_cls6\yolo11s_cls6_formal_200ep\weights\epoch_144.pt,0.684722,0.939,0.984955
145,epoch144.pt,C:\Users\ASUS\Desktop\YOLOv11\YOLO-CV\YOLOv11\runs\stage1_formal_cls6\yolo11s_cls6_formal_200ep\weights\epoch_145.pt,0.683333,0.939306,0.985048
146,epoch145.pt,C:\Users\ASUS\Desktop\YOLOv11\YOLO-CV\YOLOv11\runs\stage1_formal_cls6\yolo11s_cls6_formal_200ep\weights\epoch_146.pt,0.680556,0.940014,0.985299
147,epoch146.pt,C:\Users\ASUS\Desktop\YOLOv11\YOLO-CV\YOLOv11\runs\stage1_formal_cls6\yolo11s_cls6_formal_200ep\weights\epoch_147.pt,0.679167,0.939979,0.985293
148,epoch147.pt,C:\Users\ASUS\Desktop\YOLOv11\YOLO-CV\YOLOv11\runs\stage1_formal_cls6\yolo11s_cls6_formal_200ep\weights\epoch_148.pt,0.677778,0.940146,0.985318
149,epoch148.pt,C:\Users\ASUS\Desktop\YOLOv11\YOLO-CV\YOLOv11\runs\stage1_formal_cls6\yolo11s_cls6_formal_200ep\weights\epoch_149.pt,0.673611,0.939903,0.98528
150,epoch149.pt,C:\Users\ASUS\Desktop\YOLOv11\YOLO-CV\YOLOv11\runs\stage1_formal_cls6\yolo11s_cls6_formal_200ep\weights\epoch_150.pt,0.676389,0.939625,0.98528
151,epoch150.pt,C:\Users\ASUS\Desktop\YOLOv11\YOLO-CV\YOLOv11\runs\stage1_formal_cls6\yolo11s_cls6_formal_200ep\weights\epoch_151.pt,0.677778,0.939097,0.985153
152,epoch151.pt,C:\Users\ASUS\Desktop\YOLOv11\YOLO-CV\YOLOv11\runs\stage1_formal_cls6\yolo11s_cls6_formal_200ep\weights\epoch_152.pt,0.681944,0.939312,0.985202
153,epoch152.pt,C:\Users\ASUS\Desktop\YOLOv11\YOLO-CV\YOLOv11\runs\stage1_formal_cls6\yolo11s_cls6_formal_200ep\weights\epoch_153.pt,0.683333,0.939479,0.985267
154,epoch153.pt,C:\Users\ASUS\Desktop\YOLOv11\YOLO-CV\YOLOv11\runs\stage1_formal_cls6\yolo11s_cls6_formal_200ep\weights\epoch_154.pt,0.679167,0.939097,0.985177
155,epoch154.pt,C:\Users\ASUS\Desktop\YOLOv11\YOLO-CV\YOLOv11\runs\stage1_formal_cls6\yolo11s_cls6_formal_200ep\weights\epoch_155.pt,0.679167,0.938889,0.985081
156,epoch155.pt,C:\Users\ASUS\Desktop\YOLOv11\YOLO-CV\YOLOv11\runs\stage1_formal_cls6\yolo11s_cls6_formal_200ep\weights\epoch_156.pt,0.679167,0.939375,0.985218
157,epoch156.pt,C:\Users\ASUS\Desktop\YOLOv11\YOLO-CV\YOLOv11\runs\stage1_formal_cls6\yolo11s_cls6_formal_200ep\weights\epoch_157.pt,0.684722,0.939493,0.985272
158,epoch157.pt,C:\Users\ASUS\Desktop\YOLOv11\YOLO-CV\YOLOv11\runs\stage1_formal_cls6\yolo11s_cls6_formal_200ep\weights\epoch_158.pt,0.686111,0.939229,0.985272
159,epoch158.pt,C:\Users\ASUS\Desktop\YOLOv11\YOLO-CV\YOLOv11\runs\stage1_formal_cls6\yolo11s_cls6_formal_200ep\weights\epoch_159.pt,0.684722,0.939236,0.985274
160,epoch159.pt,C:\Users\ASUS\Desktop\YOLOv11\YOLO-CV\YOLOv11\runs\stage1_formal_cls6\yolo11s_cls6_formal_200ep\weights\epoch_160.pt,0.684722,0.939347,0.985256
161,epoch160.pt,C:\Users\ASUS\Desktop\YOLOv11\YOLO-CV\YOLOv11\runs\stage1_formal_cls6\yolo11s_cls6_formal_200ep\weights\epoch_161.pt,0.688889,0.939535,0.985264
162,epoch161.pt,C:\Users\ASUS\Desktop\YOLOv11\YOLO-CV\YOLOv11\runs\stage1_formal_cls6\yolo11s_cls6_formal_200ep\weights\epoch_162.pt,0.686111,0.9395,0.985228
163,epoch162.pt,C:\Users\ASUS\Desktop\YOLOv11\YOLO-CV\YOLOv11\runs\stage1_formal_cls6\yolo11s_cls6_formal_200ep\weights\epoch_163.pt,0.686111,0.939826,0.985248
164,epoch163.pt,C:\Users\ASUS\Desktop\YOLOv11\YOLO-CV\YOLOv11\runs\stage1_formal_cls6\yolo11s_cls6_formal_200ep\weights\epoch_164.pt,0.686111,0.94,0.985263
165,epoch164.pt,C:\Users\ASUS\Desktop\YOLOv11\YOLO-CV\YOLOv11\runs\stage1_formal_cls6\yolo11s_cls6_formal_200ep\weights\epoch_165.pt,0.6875,0.940576,0.985426
166,epoch165.pt,C:\Users\ASUS\Desktop\YOLOv11\YOLO-CV\YOLOv11\runs\stage1_formal_cls6\yolo11s_cls6_formal_200ep\weights\epoch_166.pt,0.686111,0.940701,0.985458
167,epoch166.pt,C:\Users\ASUS\Desktop\YOLOv11\YOLO-CV\YOLOv11\runs\stage1_formal_cls6\yolo11s_cls6_formal_200ep\weights\epoch_167.pt,0.691667,0.940646,0.98543
168,epoch167.pt,C:\Users\ASUS\Desktop\YOLOv11\YOLO-CV\YOLOv11\runs\stage1_formal_cls6\yolo11s_cls6_formal_200ep\weights\epoch_168.pt,0.6875,0.940806,0.985454
169,epoch168.pt,C:\Users\ASUS\Desktop\YOLOv11\YOLO-CV\YOLOv11\runs\stage1_formal_cls6\yolo11s_cls6_formal_200ep\weights\epoch_169.pt,0.686111,0.940861,0.985422
170,epoch169.pt,C:\Users\ASUS\Desktop\YOLOv11\YOLO-CV\YOLOv11\runs\stage1_formal_cls6\yolo11s_cls6_formal_200ep\weights\epoch_170.pt,0.684722,0.940965,0.985426
171,epoch170.pt,C:\Users\ASUS\Desktop\YOLOv11\YOLO-CV\YOLOv11\runs\stage1_formal_cls6\yolo11s_cls6_formal_200ep\weights\epoch_171.pt,0.686111,0.941125,0.98544
172,epoch171.pt,C:\Users\ASUS\Desktop\YOLOv11\YOLO-CV\YOLOv11\runs\stage1_formal_cls6\yolo11s_cls6_formal_200ep\weights\epoch_172.pt,0.683333,0.941347,0.985495
173,epoch172.pt,C:\Users\ASUS\Desktop\YOLOv11\YOLO-CV\YOLOv11\runs\stage1_formal_cls6\yolo11s_cls6_formal_200ep\weights\epoch_173.pt,0.684722,0.941493,0.985509
174,epoch173.pt,C:\Users\ASUS\Desktop\YOLOv11\YOLO-CV\YOLOv11\runs\stage1_formal_cls6\yolo11s_cls6_formal_200ep\weights\epoch_174.pt,0.684722,0.941535,0.985532
175,epoch174.pt,C:\Users\ASUS\Desktop\YOLOv11\YOLO-CV\YOLOv11\runs\stage1_formal_cls6\yolo11s_cls6_formal_200ep\weights\epoch_175.pt,0.683333,0.94159,0.985529
176,epoch175.pt,C:\Users\ASUS\Desktop\YOLOv11\YOLO-CV\YOLOv11\runs\stage1_formal_cls6\yolo11s_cls6_formal_200ep\weights\epoch_176.pt,0.681944,0.941493,0.985521
177,epoch176.pt,C:\Users\ASUS\Desktop\YOLOv11\YOLO-CV\YOLOv11\runs\stage1_formal_cls6\yolo11s_cls6_formal_200ep\weights\epoch_177.pt,0.681944,0.941417,0.985499
178,epoch177.pt,C:\Users\ASUS\Desktop\YOLOv11\YOLO-CV\YOLOv11\runs\stage1_formal_cls6\yolo11s_cls6_formal_200ep\weights\epoch_178.pt,0.679167,0.941486,0.985496
179,epoch178.pt,C:\Users\ASUS\Desktop\YOLOv11\YOLO-CV\YOLOv11\runs\stage1_formal_cls6\yolo11s_cls6_formal_200ep\weights\epoch_179.pt,0.676389,0.941472,0.985469
180,epoch179.pt,C:\Users\ASUS\Desktop\YOLOv11\YOLO-CV\YOLOv11\runs\stage1_formal_cls6\yolo11s_cls6_formal_200ep\weights\epoch_180.pt,0.673611,0.941847,0.985534
181,epoch180.pt,C:\Users\ASUS\Desktop\YOLOv11\YOLO-CV\YOLOv11\runs\stage1_formal_cls6\yolo11s_cls6_formal_200ep\weights\epoch_181.pt,0.676389,0.941875,0.985546
182,epoch181.pt,C:\Users\ASUS\Desktop\YOLOv11\YOLO-CV\YOLOv11\runs\stage1_formal_cls6\yolo11s_cls6_formal_200ep\weights\epoch_182.pt,0.676389,0.942056,0.985581
183,epoch182.pt,C:\Users\ASUS\Desktop\YOLOv11\YOLO-CV\YOLOv11\runs\stage1_formal_cls6\yolo11s_cls6_formal_200ep\weights\epoch_183.pt,0.673611,0.941799,0.985497
184,epoch183.pt,C:\Users\ASUS\Desktop\YOLOv11\YOLO-CV\YOLOv11\runs\stage1_formal_cls6\yolo11s_cls6_formal_200ep\weights\epoch_184.pt,0.676389,0.94166,0.985471
185,epoch184.pt,C:\Users\ASUS\Desktop\YOLOv11\YOLO-CV\YOLOv11\runs\stage1_formal_cls6\yolo11s_cls6_formal_200ep\weights\epoch_185.pt,0.680556,0.94166,0.98545
186,epoch185.pt,C:\Users\ASUS\Desktop\YOLOv11\YOLO-CV\YOLOv11\runs\stage1_formal_cls6\yolo11s_cls6_formal_200ep\weights\epoch_186.pt,0.680556,0.941646,0.985453
187,epoch186.pt,C:\Users\ASUS\Desktop\YOLOv11\YOLO-CV\YOLOv11\runs\stage1_formal_cls6\yolo11s_cls6_formal_200ep\weights\epoch_187.pt,0.679167,0.941847,0.985527
188,epoch187.pt,C:\Users\ASUS\Desktop\YOLOv11\YOLO-CV\YOLOv11\runs\stage1_formal_cls6\yolo11s_cls6_formal_200ep\weights\epoch_188.pt,0.679167,0.941951,0.985559
189,epoch188.pt,C:\Users\ASUS\Desktop\YOLOv11\YOLO-CV\YOLOv11\runs\stage1_formal_cls6\yolo11s_cls6_formal_200ep\weights\epoch_189.pt,0.679167,0.942049,0.985585
190,epoch189.pt,C:\Users\ASUS\Desktop\YOLOv11\YOLO-CV\YOLOv11\runs\stage1_formal_cls6\yolo11s_cls6_formal_200ep\weights\epoch_190.pt,0.679167,0.942104,0.985595
191,epoch190.pt,C:\Users\ASUS\Desktop\YOLOv11\YOLO-CV\YOLOv11\runs\stage1_formal_cls6\yolo11s_cls6_formal_200ep\weights\epoch_191.pt,0.681944,0.942243,0.985638
192,epoch191.pt,C:\Users\ASUS\Desktop\YOLOv11\YOLO-CV\YOLOv11\runs\stage1_formal_cls6\yolo11s_cls6_formal_200ep\weights\epoch_192.pt,0.679167,0.942271,0.985663
193,epoch192.pt,C:\Users\ASUS\Desktop\YOLOv11\YOLO-CV\YOLOv11\runs\stage1_formal_cls6\yolo11s_cls6_formal_200ep\weights\epoch_193.pt,0.680556,0.9425,0.985721
194,epoch193.pt,C:\Users\ASUS\Desktop\YOLOv11\YOLO-CV\YOLOv11\runs\stage1_formal_cls6\yolo11s_cls6_formal_200ep\weights\epoch_194.pt,0.680556,0.942542,0.985749
195,epoch194.pt,C:\Users\ASUS\Desktop\YOLOv11\YOLO-CV\YOLOv11\runs\stage1_formal_cls6\yolo11s_cls6_formal_200ep\weights\epoch_195.pt,0.683333,0.942667,0.985796
196,epoch195.pt,C:\Users\ASUS\Desktop\YOLOv11\YOLO-CV\YOLOv11\runs\stage1_formal_cls6\yolo11s_cls6_formal_200ep\weights\epoch_196.pt,0.684722,0.942861,0.985857
197,epoch196.pt,C:\Users\ASUS\Desktop\YOLOv11\YOLO-CV\YOLOv11\runs\stage1_formal_cls6\yolo11s_cls6_formal_200ep\weights\epoch_197.pt,0.6875,0.943,0.985893
198,epoch197.pt,C:\Users\ASUS\Desktop\YOLOv11\YOLO-CV\YOLOv11\runs\stage1_formal_cls6\yolo11s_cls6_formal_200ep\weights\epoch_198.pt,0.688889,0.943014,0.985882
199,epoch198.pt,C:\Users\ASUS\Desktop\YOLOv11\YOLO-CV\YOLOv11\runs\stage1_formal_cls6\yolo11s_cls6_formal_200ep\weights\epoch_199.pt,0.688889,0.943083,0.985903
200,epoch199.pt,C:\Users\ASUS\Desktop\YOLOv11\YOLO-CV\YOLOv11\runs\stage1_formal_cls6\yolo11s_cls6_formal_200ep\weights\epoch_200.pt,0.688889,0.943139,0.985933
