setting_id,setting_name,score_variant,image_id,img_rel_path,path_stub,pool_rank,pool_score_anchor,embedding_index,calibrated_p,raw_tta_variance,R,C,D,S,pi,duplication_count,selected_flag
A2,weighted_hn14_risk_only,risk_only,Normal_00499653,train/Normal/00499653.png,train/Normal/00499653.png,57,0.481445,6415,0.908628,0.024427,0.762295,1e-06,0.526348,0.762295,0.04219527,11,1
A2,weighted_hn14_risk_only,risk_only,Normal_00500159,train/Normal/00500159.png,train/Normal/00500159.png,13,0.84668,6416,0.971695,0.026241,0.922919,0.0,0.762644,0.922919,0.06185073,10,1
A2,weighted_hn14_risk_only,risk_only,Normal_00144495,train/Normal/00144495.png,train/Normal/00144495.png,6,0.898438,5539,0.883974,0.119208,0.703675,0.0,0.821599,0.703675,0.03595522,9,1
A2,weighted_hn14_risk_only,risk_only,Normal_00397824,train/Normal/00397824.png,train/Normal/00397824.png,18,0.782227,6120,0.959868,0.051737,0.891628,0.0,0.433681,0.891628,0.05772781,8,1
A2,weighted_hn14_risk_only,risk_only,Normal_00436092,train/Normal/00436092.png,train/Normal/00436092.png,105,0.32373,6218,0.897501,0.097321,0.735548,0.0,0.87857,0.735548,0.03928617,7,1
A2,weighted_hn14_risk_only,risk_only,Normal_00388181,train/Normal/00388181.png,train/Normal/00388181.png,29,0.674805,6095,0.79643,0.178265,0.514468,0.0,0.733532,0.514468,0.01921916,7,1
A2,weighted_hn14_risk_only,risk_only,Normal_00431431,train/Normal/00431431.png,train/Normal/00431431.png,15,0.823242,6215,0.821254,0.008727,0.565115,0.006117,0.795857,0.565115,0.0231895,6,1
A2,weighted_hn14_risk_only,risk_only,Normal_00329365,train/Normal/00329365.png,train/Normal/00329365.png,2,0.953613,5859,0.819198,0.028638,0.56083,0.0,0.762608,0.56083,0.02283916,6,1
A2,weighted_hn14_risk_only,risk_only,Normal_00458420,train/Normal/00458420.png,train/Normal/00458420.png,28,0.675781,6289,0.834598,0.101474,0.593323,0.0,0.822759,0.593323,0.02556231,5,1
A2,weighted_hn14_risk_only,risk_only,Normal_00323059,train/Normal/00323059.png,train/Normal/00323059.png,7,0.89209,5832,0.795805,0.10887,0.513224,0.0,0.600111,0.513224,0.01912633,5,1
A2,weighted_hn14_risk_only,risk_only,Normal_00380312,train/Normal/00380312.png,train/Normal/00380312.png,101,0.3396,6082,0.801341,0.334185,0.524299,0.0,0.881019,0.524299,0.0199607,4,1
A2,weighted_hn14_risk_only,risk_only,Normal_00479528,train/Normal/00479528.png,train/Normal/00479528.png,74,0.408691,6355,0.813554,0.027103,0.549152,0.0,0.837139,0.549152,0.02189792,3,1
A2,weighted_hn14_risk_only,risk_only,Normal_00350801,train/Normal/00350801.png,train/Normal/00350801.png,26,0.693359,5935,0.76227,0.015948,0.448658,9e-05,0.878667,0.448658,0.01461667,3,1
A2,weighted_hn14_risk_only,risk_only,Normal_00368992,train/Normal/00368992.png,train/Normal/00368992.png,73,0.412109,6017,0.750163,0.173271,0.426415,0.0,0.760015,0.426415,0.0132033,3,1
A2,weighted_hn14_risk_only,risk_only,Normal_00431168,train/Normal/00431168.png,train/Normal/00431168.png,133,0.275146,6214,0.703433,0.037557,0.345863,0.0,0.569517,0.345863,0.00868612,3,1
A2,weighted_hn14_risk_only,risk_only,Normal_00029682,train/Normal/00029682.png,train/Normal/00029682.png,110,0.316895,5474,0.694619,0.169718,0.331615,0.0,0.838944,0.331615,0.0079852,3,1
A2,weighted_hn14_risk_only,risk_only,Normal_00015075,train/Normal/00015075.png,train/Normal/00015075.png,178,0.183838,5436,0.692057,0.032652,0.327529,0.0,0.967102,0.327529,0.00778964,3,1
A2,weighted_hn14_risk_only,risk_only,Normal_00513364,train/Normal/00513364.png,train/Normal/00513364.png,160,0.222046,6447,0.690745,0.335057,0.325446,0.0,0.955997,0.325446,0.00769087,3,1
A2,weighted_hn14_risk_only,risk_only,Normal_00314643,train/Normal/00314643.png,train/Normal/00314643.png,16,0.793457,5772,0.676491,0.030787,0.30325,0.0,0.864666,0.30325,0.00667758,3,1
A2,weighted_hn14_risk_only,risk_only,Normal_00384016,train/Normal/00384016.png,train/Normal/00384016.png,50,0.53418,6091,0.662924,0.098606,0.282853,0.0,0.919335,0.282853,0.00580951,3,1
A2,weighted_hn14_risk_only,risk_only,Normal_00344240,train/Normal/00344240.png,train/Normal/00344240.png,147,0.245117,5912,0.782992,0.222585,0.488042,0.0,0.888295,0.488042,0.01729546,2,1
A2,weighted_hn14_risk_only,risk_only,Normal_00300113,train/Normal/00300113.png,train/Normal/00300113.png,27,0.683594,5735,0.772236,0.966663,0.467393,0.0,0.898056,0.467393,0.01586288,2,1
A2,weighted_hn14_risk_only,risk_only,Normal_00317919,train/Normal/00317919.png,train/Normal/00317919.png,21,0.752441,5794,0.74978,0.083027,0.42572,0.0,0.819927,0.42572,0.0131603,2,1
A2,weighted_hn14_risk_only,risk_only,Normal_00467510,train/Normal/00467510.png,train/Normal/00467510.png,1,0.978027,6314,0.746414,0.044542,0.419641,0.0,0.733924,0.419641,0.01278714,2,1
A2,weighted_hn14_risk_only,risk_only,Normal_00149587,train/Normal/00149587.png,train/Normal/00149587.png,3,0.923828,5548,0.739142,0.064799,0.406658,0.0,0.832478,0.406658,0.01200816,2,1
A2,weighted_hn14_risk_only,risk_only,Normal_00416011,train/Normal/00416011.png,train/Normal/00416011.png,143,0.256836,6190,0.713597,0.091162,0.362667,0.0,0.955302,0.362667,0.00955067,2,1
A2,weighted_hn14_risk_only,risk_only,Normal_00348831,train/Normal/00348831.png,train/Normal/00348831.png,25,0.712402,5925,0.700673,0.056499,0.341369,0.0,0.866117,0.341369,0.00846186,2,1
A2,weighted_hn14_risk_only,risk_only,Normal_00320863,train/Normal/00320863.png,train/Normal/00320863.png,170,0.204712,5817,0.686996,0.003274,0.319533,0.147778,0.836474,0.319533,0.00741394,2,1
A2,weighted_hn14_risk_only,risk_only,Normal_00288624,train/Normal/00288624.png,train/Normal/00288624.png,111,0.313965,5691,0.685649,0.096865,0.317422,0.0,0.930267,0.317422,0.0073163,2,1
A2,weighted_hn14_risk_only,risk_only,Normal_00168417,train/Normal/00168417.png,train/Normal/00168417.png,186,0.172119,5579,0.655397,0.044768,0.271842,0.0,0.928851,0.271842,0.005366,2,1
A2,weighted_hn14_risk_only,risk_only,Normal_00399982,train/Normal/00399982.png,train/Normal/00399982.png,153,0.233154,6130,0.637183,0.051011,0.246103,0.0,0.787914,0.246103,0.00439796,2,1
A2,weighted_hn14_risk_only,risk_only,Normal_00160652,train/Normal/00160652.png,train/Normal/00160652.png,5,0.898926,5568,0.85121,0.021318,0.6294,4e-06,0.811244,0.6294,0.02876545,1,1
A2,weighted_hn14_risk_only,risk_only,Normal_00158209,train/Normal/00158209.png,train/Normal/00158209.png,48,0.537109,5562,0.838084,0.508869,0.600807,0.0,0.32979,0.600807,0.02621124,1,1
A2,weighted_hn14_risk_only,risk_only,Normal_00375607,train/Normal/00375607.png,train/Normal/00375607.png,12,0.848633,6060,0.821435,0.113597,0.565493,0.0,0.620306,0.565493,0.02322053,1,1
A2,weighted_hn14_risk_only,risk_only,Normal_00344448,train/Normal/00344448.png,train/Normal/00344448.png,68,0.427979,5914,0.779284,0.003691,0.480872,0.115837,0.984704,0.480872,0.016791,1,1
A2,weighted_hn14_risk_only,risk_only,Normal_00429058,train/Normal/00429058.png,train/Normal/00429058.png,139,0.259521,6209,0.777585,0.106874,0.477605,0.0,0.879116,0.477605,0.01656363,1,1
A2,weighted_hn14_risk_only,risk_only,Normal_00437560,train/Normal/00437560.png,train/Normal/00437560.png,37,0.604004,6223,0.766383,0.032697,0.456344,0.0,0.636401,0.456344,0.01512176,1,1
A2,weighted_hn14_risk_only,risk_only,Normal_00261378,train/Normal/00261378.png,train/Normal/00261378.png,51,0.530762,5590,0.763189,0.045415,0.450369,0.0,0.852346,0.450369,0.01472837,1,1
A2,weighted_hn14_risk_only,risk_only,Normal_00021678,train/Normal/00021678.png,train/Normal/00021678.png,9,0.868164,5453,0.736392,0.017872,0.4018,2.9e-05,0.065818,0.4018,0.01172297,1,1
A2,weighted_hn14_risk_only,risk_only,Normal_00331791,train/Normal/00331791.png,train/Normal/00331791.png,45,0.571289,5864,0.709733,0.058172,0.356232,0.0,0.713354,0.356232,0.00921475,1,1
A2,weighted_hn14_risk_only,risk_only,Normal_00457555,train/Normal/00457555.png,train/Normal/00457555.png,136,0.274414,6285,0.709223,0.002168,0.355387,0.281921,0.838255,0.355387,0.00917109,1,1
A2,weighted_hn14_risk_only,risk_only,Normal_00394189,train/Normal/00394189.png,train/Normal/00394189.png,148,0.244995,6109,0.706199,0.01427,0.350397,0.00024,0.200044,0.350397,0.00891535,1,1
A2,weighted_hn14_risk_only,risk_only,Normal_00491599,train/Normal/00491599.png,train/Normal/00491599.png,158,0.225342,6390,0.698519,0.077246,0.337882,0.0,0.981739,0.337882,0.00828987,1,1
A2,weighted_hn14_risk_only,risk_only,Normal_00484751,train/Normal/00484751.png,train/Normal/00484751.png,156,0.230347,6368,0.69597,0.024367,0.33378,1e-06,0.937632,0.33378,0.00808981,1,1
A2,weighted_hn14_risk_only,risk_only,Normal_00359446,train/Normal/00359446.png,train/Normal/00359446.png,35,0.623535,5968,0.668761,0.004598,0.291542,0.068203,0.861164,0.291542,0.00617191,1,1
A2,weighted_hn14_risk_only,risk_only,Normal_00369033,train/Normal/00369033.png,train/Normal/00369033.png,75,0.404785,6019,0.661753,0.216088,0.281125,0.0,0.872796,0.281125,0.00573874,1,1
A2,weighted_hn14_risk_only,risk_only,Normal_00421443,train/Normal/00421443.png,train/Normal/00421443.png,19,0.781738,6198,0.657352,0.075997,0.274681,0.0,0.661695,0.274681,0.00547867,1,1
A2,weighted_hn14_risk_only,risk_only,Normal_00405652,train/Normal/00405652.png,train/Normal/00405652.png,17,0.789062,6147,0.653026,0.173641,0.268419,0.0,0.686108,0.268419,0.00523172,1,1
A2,weighted_hn14_risk_only,risk_only,Normal_00161664,train/Normal/00161664.png,train/Normal/00161664.png,20,0.773438,5570,0.65053,0.00689,0.264839,0.017885,0.858609,0.264839,0.00509309,1,1
A2,weighted_hn14_risk_only,risk_only,Normal_00008225,train/Normal/00008225.png,train/Normal/00008225.png,219,0.136597,5428,0.613429,0.109999,0.214457,0.0,0.668187,0.214457,0.00333963,1,1
A2,weighted_hn14_risk_only,risk_only,Normal_00348805,train/Normal/00348805.png,train/Normal/00348805.png,87,0.360596,5924,0.576764,0.032018,0.169885,0.0,0.966914,0.169885,0.00209569,1,1
A2,weighted_hn14_risk_only,risk_only,Normal_00160245,train/Normal/00160245.png,train/Normal/00160245.png,41,0.59082,5566,0.554144,0.002291,0.144974,0.26238,0.540779,0.144974,0.00152615,1,1
A2,weighted_hn14_risk_only,risk_only,Normal_00490366,train/Normal/00490366.png,train/Normal/00490366.png,241,0.11908,6387,0.553423,0.086546,0.144214,0.0,0.923516,0.144214,0.00151019,1,1
A2,weighted_hn14_risk_only,risk_only,Normal_00373194,train/Normal/00373194.png,train/Normal/00373194.png,214,0.149048,6045,0.546223,0.105916,0.136718,0.0,0.983971,0.136718,0.00135728,1,1
A2,weighted_hn14_risk_only,risk_only,Normal_00402029,train/Normal/00402029.png,train/Normal/00402029.png,86,0.361328,6136,0.448843,0.264598,0.054992,0.0,0.922895,0.054992,0.00021959,1,1
A2,weighted_hn14_risk_only,risk_only,Normal_00505638,train/Normal/00505638.png,train/Normal/00505638.png,8,0.886719,6426,0.804369,0.019534,0.530407,1.1e-05,0.777726,0.530407,0.02042848,0,0
A2,weighted_hn14_risk_only,risk_only,Normal_00138046,train/Normal/00138046.png,train/Normal/00138046.png,190,0.167236,5516,0.79978,0.324777,0.521164,0.0,0.733085,0.521164,0.0197227,0,0
A2,weighted_hn14_risk_only,risk_only,Normal_00296371,train/Normal/00296371.png,train/Normal/00296371.png,222,0.13501,5720,0.785571,0.07118,0.493059,0.0,0.902817,0.493059,0.01765287,0,0
A2,weighted_hn14_risk_only,risk_only,Normal_00397769,train/Normal/00397769.png,train/Normal/00397769.png,54,0.520508,6119,0.74171,0.076347,0.411219,0.0,0.932227,0.411219,0.01227903,0,0
A2,weighted_hn14_risk_only,risk_only,Normal_00462787,train/Normal/00462787.png,train/Normal/00462787.png,58,0.474365,6307,0.69618,0.171673,0.334116,0.0,0.88561,0.334116,0.0081061,0,0
A2,weighted_hn14_risk_only,risk_only,Normal_00292889,train/Normal/00292889.png,train/Normal/00292889.png,11,0.851074,5706,0.677872,0.01759,0.305366,3.5e-05,0.409466,0.305366,0.0067711,0,0
A2,weighted_hn14_risk_only,risk_only,Normal_00278336,train/Normal/00278336.png,train/Normal/00278336.png,120,0.294922,5659,0.669451,0.003573,0.292577,0.124101,0.918947,0.292577,0.00621581,0,0
A2,weighted_hn14_risk_only,risk_only,Normal_00491113,train/Normal/00491113.png,train/Normal/00491113.png,100,0.34082,6389,0.669152,0.144141,0.292128,0.0,0.743217,0.292128,0.00619675,0,0
A2,weighted_hn14_risk_only,risk_only,Normal_00022521,train/Normal/00022521.png,train/Normal/00022521.png,10,0.854492,5456,0.665212,0.012179,0.286242,0.000815,0.444613,0.286242,0.00594955,0,0
A2,weighted_hn14_risk_only,risk_only,Normal_00027237,train/Normal/00027237.png,train/Normal/00027237.png,149,0.241455,5470,0.661518,0.008988,0.280779,0.005252,0.915655,0.280779,0.00572462,0,0
A2,weighted_hn14_risk_only,risk_only,Normal_00387838,train/Normal/00387838.png,train/Normal/00387838.png,141,0.257568,6094,0.634462,0.025799,0.242368,0.0,0.941631,0.242368,0.00426548,0,0
A2,weighted_hn14_risk_only,risk_only,Normal_00022864,train/Normal/00022864.png,train/Normal/00022864.png,38,0.600586,5458,0.630068,0.041336,0.236396,0.0,0.823138,0.236396,0.00405787,0,0
A2,weighted_hn14_risk_only,risk_only,Normal_00444256,train/Normal/00444256.png,train/Normal/00444256.png,140,0.259521,6238,0.628268,0.187195,0.233971,0.0,0.958562,0.233971,0.00397504,0,0
A2,weighted_hn14_risk_only,risk_only,Normal_00341441,train/Normal/00341441.png,train/Normal/00341441.png,44,0.571777,5905,0.62584,0.058263,0.23072,0.0,0.957978,0.23072,0.00386534,0,0
A2,weighted_hn14_risk_only,risk_only,Normal_00288653,train/Normal/00288653.png,train/Normal/00288653.png,22,0.735352,5692,0.621294,0.00727,0.224694,0.014325,0.865552,0.224694,0.00366607,0,0
A2,weighted_hn14_risk_only,risk_only,Normal_00365492,train/Normal/00365492.png,train/Normal/00365492.png,33,0.633789,5996,0.595098,0.323946,0.191525,0.0,0.879715,0.191525,0.0026636,0,0
A2,weighted_hn14_risk_only,risk_only,Normal_00147703,train/Normal/00147703.png,train/Normal/00147703.png,165,0.213989,5543,0.587091,0.034848,0.181916,0.0,0.940958,0.181916,0.00240303,0,0
A2,weighted_hn14_risk_only,risk_only,Normal_00022588,train/Normal/00022588.png,train/Normal/00022588.png,24,0.731934,5457,0.584145,0.081925,0.178442,0.0,0.079027,0.178442,0.00231213,0,0
A2,weighted_hn14_risk_only,risk_only,Normal_00281638,train/Normal/00281638.png,train/Normal/00281638.png,23,0.73291,5661,0.583652,0.005666,0.177863,0.036553,0.786179,0.177863,0.00229715,0,0
A2,weighted_hn14_risk_only,risk_only,Normal_00491047,train/Normal/00491047.png,train/Normal/00491047.png,55,0.498047,6388,0.577355,0.028801,0.170563,0.0,0.690503,0.170563,0.00211245,0,0
A2,weighted_hn14_risk_only,risk_only,Normal_00313867,train/Normal/00313867.png,train/Normal/00313867.png,60,0.462646,5767,0.573534,0.097806,0.166208,0.0,0.783267,0.166208,0.00200596,0,0
A2,weighted_hn14_risk_only,risk_only,Normal_00421255,train/Normal/00421255.png,train/Normal/00421255.png,104,0.329834,6197,0.57239,0.064916,0.164915,0.0,0.917138,0.164915,0.00197487,0,0
A2,weighted_hn14_risk_only,risk_only,Normal_00486171,train/Normal/00486171.png,train/Normal/00486171.png,200,0.159302,6372,0.571961,0.072425,0.164431,0.0,0.92476,0.164431,0.00196329,0,0
A2,weighted_hn14_risk_only,risk_only,Normal_00471904,train/Normal/00471904.png,train/Normal/00471904.png,191,0.16626,6324,0.571836,0.007506,0.16429,0.012481,0.971772,0.16429,0.00195993,0,0
A2,weighted_hn14_risk_only,risk_only,Normal_00354695,train/Normal/00354695.png,train/Normal/00354695.png,69,0.425293,5947,0.569188,0.198591,0.161323,0.0,0.974461,0.161323,0.00188978,0,0
A2,weighted_hn14_risk_only,risk_only,Normal_00347413,train/Normal/00347413.png,train/Normal/00347413.png,34,0.631348,5921,0.565095,0.04266,0.156789,0.0,0.0,0.156789,0.00178504,0,0
A2,weighted_hn14_risk_only,risk_only,Normal_00377670,train/Normal/00377670.png,train/Normal/00377670.png,208,0.154175,6070,0.563724,0.113225,0.155284,0.0,0.921403,0.155284,0.00175094,0,0
A2,weighted_hn14_risk_only,risk_only,Normal_00006200,train/Normal/00006200.png,train/Normal/00006200.png,85,0.362793,5423,0.563605,0.002473,0.155154,0.235922,0.848779,0.155154,0.00174801,0,0
A2,weighted_hn14_risk_only,risk_only,Normal_00423666,train/Normal/00423666.png,train/Normal/00423666.png,137,0.265869,6200,0.56193,0.065897,0.153327,0.0,0.939804,0.153327,0.00170708,0,0
A2,weighted_hn14_risk_only,risk_only,Normal_00321463,train/Normal/00321463.png,train/Normal/00321463.png,67,0.429932,5820,0.560669,0.056484,0.151958,0.0,0.890612,0.151958,0.00167674,0,0
A2,weighted_hn14_risk_only,risk_only,Normal_00383285,train/Normal/00383285.png,train/Normal/00383285.png,95,0.350586,6090,0.557153,0.011334,0.148175,0.001335,0.914728,0.148175,0.00159429,0,0
A2,weighted_hn14_risk_only,risk_only,Normal_00153734,train/Normal/00153734.png,train/Normal/00153734.png,90,0.359375,5556,0.553532,0.21345,0.144329,0.0,0.847728,0.144329,0.0015126,0,0
A2,weighted_hn14_risk_only,risk_only,Normal_00035450,train/Normal/00035450.png,train/Normal/00035450.png,81,0.370361,5479,0.552279,0.022327,0.143009,2e-06,0.890289,0.143009,0.00148506,0,0
A2,weighted_hn14_risk_only,risk_only,Normal_00019908,train/Normal/00019908.png,train/Normal/00019908.png,14,0.82666,5449,0.543986,0.002508,0.13443,0.231149,0.797051,0.13443,0.00131223,0,0
A2,weighted_hn14_risk_only,risk_only,Normal_00339405,train/Normal/00339405.png,train/Normal/00339405.png,40,0.59375,5898,0.539682,0.060022,0.130083,0.0,0.876243,0.130083,0.00122874,0,0
A2,weighted_hn14_risk_only,risk_only,Normal_00130666,train/Normal/00130666.png,train/Normal/00130666.png,4,0.904297,5495,0.527603,0.038144,0.118262,0.0,0.825395,0.118262,0.00101557,0,0
A2,weighted_hn14_risk_only,risk_only,Normal_00518078,train/Normal/00518078.png,train/Normal/00518078.png,238,0.12085,6471,0.527359,0.168766,0.11803,0.0,0.784933,0.11803,0.00101159,0,0
A2,weighted_hn14_risk_only,risk_only,Normal_00414877,train/Normal/00414877.png,train/Normal/00414877.png,135,0.274902,6181,0.527215,0.053386,0.117892,0.0,0.809976,0.117892,0.00100922,0,0
A2,weighted_hn14_risk_only,risk_only,Normal_00324327,train/Normal/00324327.png,train/Normal/00324327.png,142,0.256836,5836,0.523256,0.020681,0.114146,6e-06,0.781807,0.114146,0.0009461,0,0
A2,weighted_hn14_risk_only,risk_only,Normal_00503763,train/Normal/00503763.png,train/Normal/00503763.png,117,0.298584,6422,0.520395,0.002549,0.111477,0.22568,0.926747,0.111477,0.00090238,0,0
A2,weighted_hn14_risk_only,risk_only,Normal_00141992,train/Normal/00141992.png,train/Normal/00141992.png,39,0.594238,5532,0.519364,0.054289,0.110523,0.0,0.663358,0.110523,0.000887,0,0
A2,weighted_hn14_risk_only,risk_only,Normal_00018926,train/Normal/00018926.png,train/Normal/00018926.png,64,0.447998,5448,0.516772,0.043733,0.108142,0.0,0.254574,0.108142,0.00084919,0,0
A2,weighted_hn14_risk_only,risk_only,Normal_00132693,train/Normal/00132693.png,train/Normal/00132693.png,93,0.357178,5506,0.51618,0.009479,0.107602,0.003943,0.842531,0.107602,0.00084073,0,0
A2,weighted_hn14_risk_only,risk_only,Normal_00414024,train/Normal/00414024.png,train/Normal/00414024.png,30,0.65918,6178,0.51556,0.040741,0.107038,0.0,0.902689,0.107038,0.00083194,0,0
A2,weighted_hn14_risk_only,risk_only,Normal_00271718,train/Normal/00271718.png,train/Normal/00271718.png,235,0.121704,5632,0.512693,0.020693,0.104449,6e-06,0.796838,0.104449,0.00079218,0,0
A2,weighted_hn14_risk_only,risk_only,Normal_00022239,train/Normal/00022239.png,train/Normal/00022239.png,43,0.572754,5455,0.510537,0.023931,0.102522,1e-06,0.610846,0.102522,0.00076322,0,0
A2,weighted_hn14_risk_only,risk_only,Normal_00428317,train/Normal/00428317.png,train/Normal/00428317.png,59,0.471191,6206,0.508977,0.568895,0.101139,0.0,0.808896,0.101139,0.00074277,0,0
A2,weighted_hn14_risk_only,risk_only,Normal_00322339,train/Normal/00322339.png,train/Normal/00322339.png,197,0.160156,5826,0.508344,0.023004,0.100581,1e-06,0.890541,0.100581,0.0007346,0,0
A2,weighted_hn14_risk_only,risk_only,Normal_00335278,train/Normal/00335278.png,train/Normal/00335278.png,168,0.208618,5883,0.501895,0.001586,0.09498,0.396041,0.594393,0.09498,0.00065506,0,0
A2,weighted_hn14_risk_only,risk_only,Normal_00277841,train/Normal/00277841.png,train/Normal/00277841.png,82,0.368408,5656,0.49731,0.007956,0.091095,0.009596,0.807513,0.091095,0.00060257,0,0
A2,weighted_hn14_risk_only,risk_only,Normal_00038009,train/Normal/00038009.png,train/Normal/00038009.png,79,0.391357,5487,0.496818,0.014004,0.090683,0.000281,0.939765,0.090683,0.00059713,0,0
A2,weighted_hn14_risk_only,risk_only,Normal_00136785,train/Normal/00136785.png,train/Normal/00136785.png,164,0.215576,5512,0.496039,0.032095,0.090033,0.0,0.977592,0.090033,0.0005886,0,0
A2,weighted_hn14_risk_only,risk_only,Normal_00453020,train/Normal/00453020.png,train/Normal/00453020.png,31,0.64502,6275,0.490731,0.086569,0.085663,0.0,0.983968,0.085663,0.00053285,0,0
A2,weighted_hn14_risk_only,risk_only,Normal_00497776,train/Normal/00497776.png,train/Normal/00497776.png,163,0.21582,6412,0.490592,0.628121,0.08555,0.0,0.909109,0.08555,0.00053144,0,0
A2,weighted_hn14_risk_only,risk_only,Normal_00306773,train/Normal/00306773.png,train/Normal/00306773.png,78,0.39624,5749,0.487386,0.068928,0.082965,0.0,0.914474,0.082965,0.00049981,0,0
A2,weighted_hn14_risk_only,risk_only,Normal_00486860,train/Normal/00486860.png,train/Normal/00486860.png,225,0.128296,6376,0.482034,0.097019,0.078738,0.0,0.874993,0.078738,0.00045018,0,0
A2,weighted_hn14_risk_only,risk_only,Normal_00340160,train/Normal/00340160.png,train/Normal/00340160.png,49,0.53418,5901,0.479829,0.015133,0.077028,0.000145,0.555144,0.077028,0.00043084,0,0
A2,weighted_hn14_risk_only,risk_only,Normal_00143693,train/Normal/00143693.png,train/Normal/00143693.png,47,0.551758,5537,0.4701,0.009723,0.06971,0.003419,0.869112,0.06971,0.00035286,0,0
A2,weighted_hn14_risk_only,risk_only,Normal_00415416,train/Normal/00415416.png,train/Normal/00415416.png,176,0.192993,6186,0.467497,0.20341,0.067815,0.0,0.950103,0.067815,0.00033394,0,0
A2,weighted_hn14_risk_only,risk_only,Normal_00486991,train/Normal/00486991.png,train/Normal/00486991.png,145,0.24585,6377,0.465365,0.024856,0.066281,0.0,0.960022,0.066281,0.000319,0,0
A2,weighted_hn14_risk_only,risk_only,Normal_00331052,train/Normal/00331052.png,train/Normal/00331052.png,205,0.15564,5863,0.463599,1.370035,0.065025,0.0,0.778552,0.065025,0.00030703,0,0
A2,weighted_hn14_risk_only,risk_only,Normal_00449921,train/Normal/00449921.png,train/Normal/00449921.png,36,0.621582,6264,0.462856,0.414239,0.064499,0.0,0.918655,0.064499,0.00030208,0,0
A2,weighted_hn14_risk_only,risk_only,Normal_00473308,train/Normal/00473308.png,train/Normal/00473308.png,70,0.423584,6331,0.460251,0.201874,0.062675,0.0,0.813007,0.062675,0.00028524,0,0
A2,weighted_hn14_risk_only,risk_only,Normal_00314789,train/Normal/00314789.png,train/Normal/00314789.png,32,0.63916,5773,0.459513,0.1824,0.062162,0.0,0.866027,0.062162,0.00028059,0,0
A2,weighted_hn14_risk_only,risk_only,Normal_00000367,train/Normal/00000367.png,train/Normal/00000367.png,210,0.152222,5400,0.457398,0.002206,0.060706,0.275733,0.810037,0.060706,0.0002676,0,0
A2,weighted_hn14_risk_only,risk_only,Normal_00444253,train/Normal/00444253.png,train/Normal/00444253.png,181,0.181885,6236,0.457247,0.024221,0.060603,1e-06,0.983026,0.060603,0.00026669,0,0
A2,weighted_hn14_risk_only,risk_only,Normal_00387104,train/Normal/00387104.png,train/Normal/00387104.png,114,0.307129,6093,0.456088,0.167475,0.059813,0.0,0.780224,0.059813,0.00025978,0,0
A2,weighted_hn14_risk_only,risk_only,Normal_00306064,train/Normal/00306064.png,train/Normal/00306064.png,112,0.312744,5746,0.455943,0.082113,0.059714,0.0,0.889345,0.059714,0.00025892,0,0
A2,weighted_hn14_risk_only,risk_only,Normal_00401374,train/Normal/00401374.png,train/Normal/00401374.png,177,0.191284,6134,0.445669,0.111808,0.052944,0.0,0.77189,0.052944,0.00020354,0,0
A2,weighted_hn14_risk_only,risk_only,Normal_00298702,train/Normal/00298702.png,train/Normal/00298702.png,138,0.265137,5732,0.43959,0.026421,0.04913,0.0,0.738499,0.04913,0.00017527,0,0
A2,weighted_hn14_risk_only,risk_only,Normal_00317503,train/Normal/00317503.png,train/Normal/00317503.png,63,0.456299,5789,0.43868,0.051336,0.048571,0.0,0.961504,0.048571,0.00017131,0,0
A2,weighted_hn14_risk_only,risk_only,Normal_00315548,train/Normal/00315548.png,train/Normal/00315548.png,167,0.209717,5781,0.438275,0.662029,0.048324,0.0,0.71814,0.048324,0.00016957,0,0
A2,weighted_hn14_risk_only,risk_only,Normal_00382971,train/Normal/00382971.png,train/Normal/00382971.png,56,0.487793,6089,0.435482,0.005881,0.046633,0.03224,0.342908,0.046633,0.00015791,0,0
A2,weighted_hn14_risk_only,risk_only,Normal_00451302,train/Normal/00451302.png,train/Normal/00451302.png,234,0.121765,6268,0.435224,0.003718,0.046479,0.114024,0.899872,0.046479,0.00015687,0,0
A2,weighted_hn14_risk_only,risk_only,Normal_00002861,train/Normal/00002861.png,train/Normal/00002861.png,121,0.292969,5415,0.43408,0.008662,0.045796,0.006354,0.451568,0.045796,0.00015229,0,0
A2,weighted_hn14_risk_only,risk_only,Normal_00400764,train/Normal/00400764.png,train/Normal/00400764.png,80,0.387695,6133,0.432139,0.00626,0.044649,0.025838,0.988064,0.044649,0.00014476,0,0
A2,weighted_hn14_risk_only,risk_only,Normal_00314982,train/Normal/00314982.png,train/Normal/00314982.png,91,0.35791,5775,0.431407,0.028183,0.044221,0.0,0.790306,0.044221,0.000142,0,0
A2,weighted_hn14_risk_only,risk_only,Normal_00350271,train/Normal/00350271.png,train/Normal/00350271.png,84,0.365479,5932,0.431336,0.066261,0.044179,0.0,0.811056,0.044179,0.00014173,0,0
A2,weighted_hn14_risk_only,risk_only,Normal_00338697,train/Normal/00338697.png,train/Normal/00338697.png,193,0.164673,5896,0.430723,0.058393,0.043822,0.0,0.875281,0.043822,0.00013944,0,0
A2,weighted_hn14_risk_only,risk_only,Normal_00452559,train/Normal/00452559.png,train/Normal/00452559.png,226,0.127808,6271,0.430052,0.168661,0.043433,0.0,0.948473,0.043433,0.00013698,0,0
A2,weighted_hn14_risk_only,risk_only,Normal_00022206,train/Normal/00022206.png,train/Normal/00022206.png,183,0.174438,5454,0.42951,0.065405,0.04312,0.0,0.698275,0.04312,0.00013501,0,0
A2,weighted_hn14_risk_only,risk_only,Normal_00013447,train/Normal/00013447.png,train/Normal/00013447.png,72,0.419434,5435,0.42817,0.031532,0.04235,0.0,0.915857,0.04235,0.00013023,0,0
A2,weighted_hn14_risk_only,risk_only,Normal_00276363,train/Normal/00276363.png,train/Normal/00276363.png,116,0.30127,5652,0.427943,0.022597,0.042221,2e-06,0.870698,0.042221,0.00012944,0,0
A2,weighted_hn14_risk_only,risk_only,Normal_00353710,train/Normal/00353710.png,train/Normal/00353710.png,201,0.15918,5944,0.426238,0.014466,0.041253,0.000214,0.986502,0.041253,0.00012357,0,0
A2,weighted_hn14_risk_only,risk_only,Normal_00407075,train/Normal/00407075.png,train/Normal/00407075.png,243,0.117798,6153,0.425627,0.013409,0.040909,0.000397,0.628271,0.040909,0.00012152,0,0
A2,weighted_hn14_risk_only,risk_only,Normal_00509588,train/Normal/00509588.png,train/Normal/00509588.png,102,0.337891,6434,0.424915,0.126373,0.04051,0.0,0.32195,0.04051,0.00011916,0,0
A2,weighted_hn14_risk_only,risk_only,Normal_00395151,train/Normal/00395151.png,train/Normal/00395151.png,221,0.13562,6111,0.422682,0.007092,0.039271,0.015894,0.919048,0.039271,0.00011199,0,0
A2,weighted_hn14_risk_only,risk_only,Normal_00464987,train/Normal/00464987.png,train/Normal/00464987.png,125,0.286621,6313,0.421725,0.004246,0.038746,0.083768,0.654965,0.038746,0.00010901,0,0
A2,weighted_hn14_risk_only,risk_only,Normal_00351805,train/Normal/00351805.png,train/Normal/00351805.png,42,0.588867,5940,0.420201,0.003383,0.037917,0.138664,0.67792,0.037917,0.0001044,0,0
A2,weighted_hn14_risk_only,risk_only,Normal_00477572,train/Normal/00477572.png,train/Normal/00477572.png,239,0.120117,6346,0.418715,0.115896,0.037118,0.0,0.749946,0.037118,0.00010004,0,0
A2,weighted_hn14_risk_only,risk_only,Normal_00016807,train/Normal/00016807.png,train/Normal/00016807.png,53,0.524902,5441,0.416962,0.050789,0.036186,0.0,0.806052,0.036186,9.508e-05,0,0
A2,weighted_hn14_risk_only,risk_only,Normal_00417012,train/Normal/00417012.png,train/Normal/00417012.png,122,0.291748,6192,0.414033,0.111423,0.034654,0.0,0.9278,0.034654,8.72e-05,0,0
A2,weighted_hn14_risk_only,risk_only,Normal_00462814,train/Normal/00462814.png,train/Normal/00462814.png,215,0.147827,6308,0.412898,0.016434,0.03407,6.8e-05,0.726123,0.03407,8.429e-05,0,0
A2,weighted_hn14_risk_only,risk_only,Normal_00391827,train/Normal/00391827.png,train/Normal/00391827.png,109,0.317139,6100,0.41189,0.016901,0.033555,5.2e-05,0.827588,0.033555,8.176e-05,0,0
A2,weighted_hn14_risk_only,risk_only,Normal_00313509,train/Normal/00313509.png,train/Normal/00313509.png,179,0.183838,5763,0.411035,0.051508,0.033121,0.0,0.980712,0.033121,7.966e-05,0,0
A2,weighted_hn14_risk_only,risk_only,Normal_00018652,train/Normal/00018652.png,train/Normal/00018652.png,123,0.289795,5447,0.410759,0.055097,0.032982,0.0,0.646283,0.032982,7.899e-05,0,0
A2,weighted_hn14_risk_only,risk_only,Normal_00001524,train/Normal/00001524.png,train/Normal/00001524.png,92,0.357178,5408,0.410117,0.252162,0.032659,0.0,0.732658,0.032659,7.745e-05,0,0
A2,weighted_hn14_risk_only,risk_only,Normal_00405592,train/Normal/00405592.png,train/Normal/00405592.png,107,0.323486,6146,0.409502,0.012488,0.032351,0.00068,0.793965,0.032351,7.6e-05,0,0
A2,weighted_hn14_risk_only,risk_only,Normal_00371952,train/Normal/00371952.png,train/Normal/00371952.png,202,0.158813,6034,0.407895,0.111377,0.031553,0.0,0.599802,0.031553,7.229e-05,0,0
A2,weighted_hn14_risk_only,risk_only,Normal_00369013,train/Normal/00369013.png,train/Normal/00369013.png,229,0.126465,6018,0.407871,0.004047,0.031541,0.094092,0.953911,0.031541,7.224e-05,0,0
A2,weighted_hn14_risk_only,risk_only,Normal_00032145,train/Normal/00032145.png,train/Normal/00032145.png,132,0.2771,5477,0.404335,0.073114,0.029821,0.0,0.804355,0.029821,6.457e-05,0,0
A2,weighted_hn14_risk_only,risk_only,Normal_00463730,train/Normal/00463730.png,train/Normal/00463730.png,66,0.436279,6312,0.403607,0.036877,0.029473,0.0,0.922481,0.029473,6.308e-05,0,0
A2,weighted_hn14_risk_only,risk_only,Normal_00278211,train/Normal/00278211.png,train/Normal/00278211.png,131,0.279053,5657,0.403598,0.031012,0.029468,0.0,0.796108,0.029468,6.305e-05,0,0
A2,weighted_hn14_risk_only,risk_only,Normal_00312268,train/Normal/00312268.png,train/Normal/00312268.png,61,0.461182,5757,0.400579,1.016486,0.028046,0.0,0.952743,0.028046,5.712e-05,0,0
A2,weighted_hn14_risk_only,risk_only,Normal_00462155,train/Normal/00462155.png,train/Normal/00462155.png,130,0.280029,6304,0.399528,0.00676,0.02756,0.019295,0.902439,0.02756,5.515e-05,0,0
A2,weighted_hn14_risk_only,risk_only,Normal_00159576,train/Normal/00159576.png,train/Normal/00159576.png,115,0.303223,5565,0.398238,0.010015,0.026968,0.002883,0.879226,0.026968,5.281e-05,0,0
A2,weighted_hn14_risk_only,risk_only,Normal_00137177,train/Normal/00137177.png,train/Normal/00137177.png,103,0.335693,5513,0.394873,0.035794,0.025455,0.0,0.906193,0.025455,4.705e-05,0,0
A2,weighted_hn14_risk_only,risk_only,Normal_00415827,train/Normal/00415827.png,train/Normal/00415827.png,128,0.283203,6188,0.393283,0.055644,0.024755,0.0,0.868206,0.024755,4.45e-05,0,0
A2,weighted_hn14_risk_only,risk_only,Normal_00481075,train/Normal/00481075.png,train/Normal/00481075.png,83,0.366211,6362,0.391634,0.058296,0.02404,0.0,0.821447,0.02404,4.196e-05,0,0
A2,weighted_hn14_risk_only,risk_only,Normal_00482040,train/Normal/00482040.png,train/Normal/00482040.png,150,0.241089,6364,0.388982,0.117412,0.022911,0.0,0.975231,0.022911,3.812e-05,0,0
A2,weighted_hn14_risk_only,risk_only,Normal_00267490,train/Normal/00267490.png,train/Normal/00267490.png,166,0.210083,5617,0.38835,0.022688,0.022646,2e-06,0.748179,0.022646,3.724e-05,0,0
A2,weighted_hn14_risk_only,risk_only,Normal_00374379,train/Normal/00374379.png,train/Normal/00374379.png,88,0.360596,6052,0.388261,0.140253,0.022609,0.0,0.934116,0.022609,3.712e-05,0,0
A2,weighted_hn14_risk_only,risk_only,Normal_00322236,train/Normal/00322236.png,train/Normal/00322236.png,157,0.230103,5825,0.386788,1.886475,0.021998,0.0,0.836129,0.021998,3.514e-05,0,0
A2,weighted_hn14_risk_only,risk_only,Normal_00342738,train/Normal/00342738.png,train/Normal/00342738.png,124,0.289062,5909,0.383338,0.114958,0.0206,0.0,0.909785,0.0206,3.081e-05,0,0
A2,weighted_hn14_risk_only,risk_only,Normal_00375346,train/Normal/00375346.png,train/Normal/00375346.png,218,0.137207,6058,0.381615,0.007287,0.019918,0.014184,0.718241,0.019918,2.881e-05,0,0
A2,weighted_hn14_risk_only,risk_only,Normal_00020509,train/Normal/00020509.png,train/Normal/00020509.png,151,0.237549,5450,0.378374,0.01496,0.018668,0.000161,0.889974,0.018668,2.531e-05,0,0
A2,weighted_hn14_risk_only,risk_only,Normal_00315540,train/Normal/00315540.png,train/Normal/00315540.png,119,0.296143,5780,0.374329,0.009536,0.017164,0.003814,0.684043,0.017164,2.139e-05,0,0
A2,weighted_hn14_risk_only,risk_only,Normal_00422423,train/Normal/00422423.png,train/Normal/00422423.png,169,0.205566,6199,0.369683,0.689648,0.015515,0.0,0.850181,0.015515,1.748e-05,0,0
A2,weighted_hn14_risk_only,risk_only,Normal_00515962,train/Normal/00515962.png,train/Normal/00515962.png,247,0.114868,6461,0.369583,0.002915,0.015481,0.182248,0.611755,0.015481,1.74e-05,0,0
A2,weighted_hn14_risk_only,risk_only,Normal_00351117,train/Normal/00351117.png,train/Normal/00351117.png,182,0.175781,5938,0.367954,0.032913,0.014923,0.0,0.484849,0.014923,1.617e-05,0,0
A2,weighted_hn14_risk_only,risk_only,Normal_00360211,train/Normal/00360211.png,train/Normal/00360211.png,126,0.28418,5970,0.36281,0.010162,0.013228,0.002646,0.7524,0.013228,1.271e-05,0,0
A2,weighted_hn14_risk_only,risk_only,Normal_00471490,train/Normal/00471490.png,train/Normal/00471490.png,62,0.45752,6321,0.360516,0.216454,0.012505,0.0,0.938541,0.012505,1.135e-05,0,0
A2,weighted_hn14_risk_only,risk_only,Normal_00038559,train/Normal/00038559.png,train/Normal/00038559.png,175,0.19397,5489,0.35901,0.001932,0.012042,0.323582,0.855199,0.012042,1.053e-05,0,0
A2,weighted_hn14_risk_only,risk_only,Normal_00291282,train/Normal/00291282.png,train/Normal/00291282.png,232,0.124207,5701,0.356255,0.046878,0.011217,0.0,0.739694,0.011217,9.14e-06,0,0
A2,weighted_hn14_risk_only,risk_only,Normal_00315086,train/Normal/00315086.png,train/Normal/00315086.png,129,0.280273,5777,0.355615,0.009801,0.011029,0.003267,1.0,0.011029,8.83e-06,0,0
A2,weighted_hn14_risk_only,risk_only,Normal_00361813,train/Normal/00361813.png,train/Normal/00361813.png,248,0.113892,5979,0.353346,0.006325,0.010378,0.024876,0.52863,0.010378,7.82e-06,0,0
A2,weighted_hn14_risk_only,risk_only,Normal_00480646,train/Normal/00480646.png,train/Normal/00480646.png,134,0.275146,6360,0.351898,0.068827,0.009972,0.0,0.740538,0.009972,7.22e-06,0,0
A2,weighted_hn14_risk_only,risk_only,Normal_00399106,train/Normal/00399106.png,train/Normal/00399106.png,99,0.343994,6126,0.351371,0.018963,0.009826,1.6e-05,0.916535,0.009826,7.01e-06,0,0
A2,weighted_hn14_risk_only,risk_only,Normal_00437039,train/Normal/00437039.png,train/Normal/00437039.png,187,0.170776,6222,0.351337,0.017861,0.009817,3e-05,0.691215,0.009817,7e-06,0,0
A2,weighted_hn14_risk_only,risk_only,Normal_00163562,train/Normal/00163562.png,train/Normal/00163562.png,127,0.283691,5572,0.351302,0.019315,0.009807,1.3e-05,0.651966,0.009807,6.98e-06,0,0
A2,weighted_hn14_risk_only,risk_only,Normal_00444328,train/Normal/00444328.png,train/Normal/00444328.png,89,0.360352,6239,0.351199,0.111942,0.009779,0.0,0.893106,0.009779,6.94e-06,0,0
A2,weighted_hn14_risk_only,risk_only,Normal_00345686,train/Normal/00345686.png,train/Normal/00345686.png,65,0.446045,5916,0.350364,0.127867,0.009551,0.0,0.853944,0.009551,6.62e-06,0,0
A2,weighted_hn14_risk_only,risk_only,Normal_00431704,train/Normal/00431704.png,train/Normal/00431704.png,233,0.123779,6216,0.350077,0.213646,0.009473,0.0,0.91397,0.009473,6.52e-06,0,0
A2,weighted_hn14_risk_only,risk_only,Normal_00518591,train/Normal/00518591.png,train/Normal/00518591.png,220,0.136353,6476,0.346695,0.028186,0.008581,0.0,0.833902,0.008581,5.35e-06,0,0
A2,weighted_hn14_risk_only,risk_only,Normal_00134593,train/Normal/00134593.png,train/Normal/00134593.png,194,0.16272,5508,0.345366,0.209216,0.008242,0.0,0.232506,0.008242,4.93e-06,0,0
A2,weighted_hn14_risk_only,risk_only,Normal_00004306,train/Normal/00004306.png,train/Normal/00004306.png,195,0.160889,5417,0.344835,0.192449,0.008109,0.0,0.813938,0.008109,4.77e-06,0,0
A2,weighted_hn14_risk_only,risk_only,Normal_00146294,train/Normal/00146294.png,train/Normal/00146294.png,209,0.152588,5542,0.344482,0.123826,0.008021,0.0,0.588357,0.008021,4.67e-06,0,0
A2,weighted_hn14_risk_only,risk_only,Normal_00396948,train/Normal/00396948.png,train/Normal/00396948.png,180,0.183838,6117,0.343991,0.008242,0.007899,0.00812,0.71226,0.007899,4.53e-06,0,0
A2,weighted_hn14_risk_only,risk_only,Normal_00027337,train/Normal/00027337.png,train/Normal/00027337.png,154,0.231934,5472,0.341623,0.039653,0.007325,0.0,0.820362,0.007325,3.9e-06,0,0
A2,weighted_hn14_risk_only,risk_only,Normal_00298724,train/Normal/00298724.png,train/Normal/00298724.png,213,0.149902,5733,0.338875,0.029621,0.006686,0.0,0.600644,0.006686,3.25e-06,0,0
A2,weighted_hn14_risk_only,risk_only,Normal_00162245,train/Normal/00162245.png,train/Normal/00162245.png,172,0.200928,5571,0.33538,0.01026,0.005916,0.002499,0.915103,0.005916,2.54e-06,0,0
A2,weighted_hn14_risk_only,risk_only,Normal_00341239,train/Normal/00341239.png,train/Normal/00341239.png,108,0.32251,5904,0.335052,0.029048,0.005846,0.0,0.879735,0.005846,2.48e-06,0,0
A2,weighted_hn14_risk_only,risk_only,Normal_00375408,train/Normal/00375408.png,train/Normal/00375408.png,174,0.195679,6059,0.334811,0.071339,0.005795,0.0,0.324073,0.005795,2.44e-06,0,0
A2,weighted_hn14_risk_only,risk_only,Normal_00002449,train/Normal/00002449.png,train/Normal/00002449.png,144,0.252197,5414,0.334422,0.004245,0.005713,0.083817,0.794403,0.005713,2.37e-06,0,0
A2,weighted_hn14_risk_only,risk_only,Normal_00335362,train/Normal/00335362.png,train/Normal/00335362.png,211,0.151245,5885,0.333045,0.296004,0.005428,0.0,0.859695,0.005428,2.14e-06,0,0
A2,weighted_hn14_risk_only,risk_only,Normal_00315400,train/Normal/00315400.png,train/Normal/00315400.png,77,0.401855,5779,0.330361,0.041424,0.004892,0.0,0.762706,0.004892,1.74e-06,0,0
A2,weighted_hn14_risk_only,risk_only,Normal_00312330,train/Normal/00312330.png,train/Normal/00312330.png,106,0.323486,5758,0.328473,0.003995,0.004532,0.096993,0.907548,0.004532,1.49e-06,0,0
A2,weighted_hn14_risk_only,risk_only,Normal_00159087,train/Normal/00159087.png,train/Normal/00159087.png,173,0.199219,5563,0.320725,0.013813,0.003199,0.000314,0.91297,0.003199,7.4e-07,0,0
A2,weighted_hn14_risk_only,risk_only,Normal_00005623,train/Normal/00005623.png,train/Normal/00005623.png,161,0.216919,5422,0.318005,0.006505,0.002786,0.022394,0.546892,0.002786,5.6e-07,0,0
A2,weighted_hn14_risk_only,risk_only,Normal_00446817,train/Normal/00446817.png,train/Normal/00446817.png,146,0.245239,6249,0.316731,0.064741,0.002603,0.0,0.903363,0.002603,4.9e-07,0,0
A2,weighted_hn14_risk_only,risk_only,Normal_00399031,train/Normal/00399031.png,train/Normal/00399031.png,71,0.421875,6125,0.31088,0.093249,0.00184,0.0,0.876955,0.00184,2.5e-07,0,0
A2,weighted_hn14_risk_only,risk_only,Normal_00477476,train/Normal/00477476.png,train/Normal/00477476.png,94,0.355957,6344,0.309578,0.005082,0.001688,0.05141,0.845912,0.001688,2.1e-07,0,0
A2,weighted_hn14_risk_only,risk_only,Normal_00341812,train/Normal/00341812.png,train/Normal/00341812.png,76,0.404541,5907,0.303146,0.011908,0.001033,0.000954,0.945661,0.001033,8e-08,0,0
A2,weighted_hn14_risk_only,risk_only,Normal_00140153,train/Normal/00140153.png,train/Normal/00140153.png,171,0.20166,5520,0.302887,0.160324,0.00101,0.0,0.466009,0.00101,7e-08,0,0
A2,weighted_hn14_risk_only,risk_only,Normal_00441098,train/Normal/00441098.png,train/Normal/00441098.png,204,0.155762,6229,0.300832,0.402871,0.000837,0.0,0.846307,0.000837,5e-08,0,0
A2,weighted_hn14_risk_only,risk_only,Normal_00337016,train/Normal/00337016.png,train/Normal/00337016.png,185,0.172607,5892,0.299955,3e-06,0.000768,0.99825,0.154767,0.000768,4e-08,0,0
A2,weighted_hn14_risk_only,risk_only,Normal_00308456,train/Normal/00308456.png,train/Normal/00308456.png,118,0.296143,5752,0.299349,0.11571,0.000722,0.0,0.881113,0.000722,4e-08,0,0
A2,weighted_hn14_risk_only,risk_only,Normal_00439640,train/Normal/00439640.png,train/Normal/00439640.png,155,0.231445,6228,0.298746,0.004966,0.000678,0.055013,0.47183,0.000678,3e-08,0,0
A2,weighted_hn14_risk_only,risk_only,Normal_00015255,train/Normal/00015255.png,train/Normal/00015255.png,224,0.131226,5437,0.297918,0.02284,0.000619,2e-06,0.790946,0.000619,3e-08,0,0
A2,weighted_hn14_risk_only,risk_only,Normal_00314262,train/Normal/00314262.png,train/Normal/00314262.png,52,0.527344,5769,0.297313,0.117073,0.000578,0.0,0.942989,0.000578,2e-08,0,0
A2,weighted_hn14_risk_only,risk_only,Normal_00335773,train/Normal/00335773.png,train/Normal/00335773.png,162,0.216309,5889,0.296294,0.250132,0.000512,0.0,0.821793,0.000512,2e-08,0,0
A2,weighted_hn14_risk_only,risk_only,Normal_00133710,train/Normal/00133710.png,train/Normal/00133710.png,159,0.222656,5507,0.29317,0.040004,0.000335,0.0,0.805383,0.000335,1e-08,0,0
A2,weighted_hn14_risk_only,risk_only,Normal_00488120,train/Normal/00488120.png,train/Normal/00488120.png,242,0.118286,6382,0.291383,0.012455,0.00025,0.000693,0.906757,0.00025,0.0,0,0
A2,weighted_hn14_risk_only,risk_only,Normal_00320225,train/Normal/00320225.png,train/Normal/00320225.png,246,0.115479,5815,0.285254,0.000834,5.3e-05,0.614428,0.638883,5.3e-05,0.0,0,0
A2,weighted_hn14_risk_only,risk_only,Normal_00165618,train/Normal/00165618.png,train/Normal/00165618.png,198,0.159302,5576,0.285137,0.020764,5.1e-05,5e-06,0.79485,5.1e-05,0.0,0,0
A2,weighted_hn14_risk_only,risk_only,Normal_00471047,train/Normal/00471047.png,train/Normal/00471047.png,199,0.159302,6320,0.281103,0.07484,2e-06,0.0,0.981957,2e-06,0.0,0,0
A2,weighted_hn14_risk_only,risk_only,Normal_00491918,train/Normal/00491918.png,train/Normal/00491918.png,184,0.172852,6391,0.280792,0.021655,1e-06,3e-06,0.625892,1e-06,0.0,0,0
A2,weighted_hn14_risk_only,risk_only,Normal_00442574,train/Normal/00442574.png,train/Normal/00442574.png,228,0.126831,6232,0.279818,0.278758,0.0,0.0,0.862033,0.0,0.0,0,0
A2,weighted_hn14_risk_only,risk_only,Normal_00437877,train/Normal/00437877.png,train/Normal/00437877.png,236,0.121155,6224,0.278305,0.386899,0.0,0.0,0.939708,0.0,0.0,0,0
A2,weighted_hn14_risk_only,risk_only,Normal_00275398,train/Normal/00275398.png,train/Normal/00275398.png,207,0.154175,5648,0.270931,0.137115,0.0,0.0,0.782761,0.0,0.0,0,0
A2,weighted_hn14_risk_only,risk_only,Normal_00025314,train/Normal/00025314.png,train/Normal/00025314.png,46,0.568359,5466,0.269785,0.015314,0.0,0.000131,0.881581,0.0,0.0,0,0
A2,weighted_hn14_risk_only,risk_only,Normal_00496516,train/Normal/00496516.png,train/Normal/00496516.png,244,0.117798,6405,0.26871,0.017087,0.0,4.6e-05,0.867034,0.0,0.0,0,0
A2,weighted_hn14_risk_only,risk_only,Normal_00039977,train/Normal/00039977.png,train/Normal/00039977.png,96,0.348877,5492,0.268022,0.021321,0.0,4e-06,0.952316,0.0,0.0,0,0
A2,weighted_hn14_risk_only,risk_only,Normal_00488176,train/Normal/00488176.png,train/Normal/00488176.png,152,0.235718,6383,0.264528,0.05767,0.0,0.0,0.885005,0.0,0.0,0,0
A2,weighted_hn14_risk_only,risk_only,Normal_00313631,train/Normal/00313631.png,train/Normal/00313631.png,196,0.160278,5765,0.264347,0.007606,0.0,0.011773,0.615555,0.0,0.0,0,0
A2,weighted_hn14_risk_only,risk_only,Normal_00167010,train/Normal/00167010.png,train/Normal/00167010.png,249,0.113586,5578,0.261745,0.004177,0.0,0.087213,0.821709,0.0,0.0,0,0
A2,weighted_hn14_risk_only,risk_only,Normal_00034962,train/Normal/00034962.png,train/Normal/00034962.png,189,0.167236,5478,0.253147,0.015163,0.0,0.000143,0.796852,0.0,0.0,0,0
A2,weighted_hn14_risk_only,risk_only,Normal_00314328,train/Normal/00314328.png,train/Normal/00314328.png,217,0.139038,5770,0.246168,0.006703,0.0,0.019948,0.803615,0.0,0.0,0,0
A2,weighted_hn14_risk_only,risk_only,Normal_00319692,train/Normal/00319692.png,train/Normal/00319692.png,216,0.141846,5811,0.241539,0.026922,0.0,0.0,0.388052,0.0,0.0,0,0
A2,weighted_hn14_risk_only,risk_only,Normal_00143068,train/Normal/00143068.png,train/Normal/00143068.png,231,0.124878,5535,0.241049,0.116246,0.0,0.0,0.930791,0.0,0.0,0,0
A2,weighted_hn14_risk_only,risk_only,Normal_00411687,train/Normal/00411687.png,train/Normal/00411687.png,227,0.126953,6168,0.235975,0.017279,0.0,4.1e-05,0.619413,0.0,0.0,0,0
A2,weighted_hn14_risk_only,risk_only,Normal_00279179,train/Normal/00279179.png,train/Normal/00279179.png,113,0.309814,5660,0.233204,0.001381,0.0,0.446411,0.889037,0.0,0.0,0,0
A2,weighted_hn14_risk_only,risk_only,Normal_00002051,train/Normal/00002051.png,train/Normal/00002051.png,212,0.150269,5412,0.229199,0.002169,0.0,0.281756,0.860384,0.0,0.0,0,0
A2,weighted_hn14_risk_only,risk_only,Normal_00313362,train/Normal/00313362.png,train/Normal/00313362.png,203,0.158691,5762,0.226795,0.021095,0.0,4e-06,0.959238,0.0,0.0,0,0
A2,weighted_hn14_risk_only,risk_only,Normal_00498029,train/Normal/00498029.png,train/Normal/00498029.png,98,0.344727,6413,0.226446,0.009316,0.0,0.004337,0.836801,0.0,0.0,0,0
A2,weighted_hn14_risk_only,risk_only,Normal_00012805,train/Normal/00012805.png,train/Normal/00012805.png,188,0.167725,5433,0.212491,0.010146,0.0,0.002671,0.847306,0.0,0.0,0,0
A2,weighted_hn14_risk_only,risk_only,Normal_00291401,train/Normal/00291401.png,train/Normal/00291401.png,237,0.120972,5702,0.211614,0.097203,0.0,0.0,0.862082,0.0,0.0,0,0
A2,weighted_hn14_risk_only,risk_only,Normal_00412822,train/Normal/00412822.png,train/Normal/00412822.png,223,0.131958,6175,0.209388,0.003722,0.0,0.113758,0.690493,0.0,0.0,0,0
A2,weighted_hn14_risk_only,risk_only,Normal_00410243,train/Normal/00410243.png,train/Normal/00410243.png,250,0.113281,6160,0.20035,0.247041,0.0,0.0,0.876968,0.0,0.0,0,0
A2,weighted_hn14_risk_only,risk_only,Normal_00285297,train/Normal/00285297.png,train/Normal/00285297.png,97,0.345459,5682,0.195677,0.107463,0.0,0.0,0.713791,0.0,0.0,0,0
A2,weighted_hn14_risk_only,risk_only,Normal_00497455,train/Normal/00497455.png,train/Normal/00497455.png,240,0.119324,6410,0.189817,0.694566,0.0,0.0,0.582544,0.0,0.0,0,0
A2,weighted_hn14_risk_only,risk_only,Normal_00473181,train/Normal/00473181.png,train/Normal/00473181.png,245,0.115845,6330,0.187618,0.195122,0.0,0.0,0.744501,0.0,0.0,0,0
A2,weighted_hn14_risk_only,risk_only,Normal_00021408,train/Normal/00021408.png,train/Normal/00021408.png,192,0.165405,5452,0.174667,0.01114,0.0,0.001495,0.784723,0.0,0.0,0,0
A2,weighted_hn14_risk_only,risk_only,Normal_00005039,train/Normal/00005039.png,train/Normal/00005039.png,230,0.125977,5418,0.163045,0.060712,0.0,0.0,0.86315,0.0,0.0,0,0
A2,weighted_hn14_risk_only,risk_only,Normal_00271057,train/Normal/00271057.png,train/Normal/00271057.png,206,0.154907,5629,0.091611,0.111063,0.0,0.0,0.548652,0.0,0.0,0,0
