variant,variant_desc,threshold,tp,fn,fp,tn,recall,precision,specificity,fpr,fnr,npv,accuracy,f1,ptr,normal_filtered,normal_left,abnormal_kept,abnormal_missed
P0,calibrated p_abnormal,0.01,420,0,78,6,1.0,0.843373,0.071429,0.928571,0.0,1.0,0.845238,0.915033,0.988095,6,78,420,0
P0,calibrated p_abnormal,0.02,420,0,78,6,1.0,0.843373,0.071429,0.928571,0.0,1.0,0.845238,0.915033,0.988095,6,78,420,0
P0,calibrated p_abnormal,0.03,420,0,75,9,1.0,0.848485,0.107143,0.892857,0.0,1.0,0.85119,0.918033,0.982143,9,75,420,0
P0,calibrated p_abnormal,0.04,420,0,72,12,1.0,0.853659,0.142857,0.857143,0.0,1.0,0.857143,0.921053,0.97619,12,72,420,0
P0,calibrated p_abnormal,0.05,420,0,64,20,1.0,0.867769,0.238095,0.761905,0.0,1.0,0.873016,0.929204,0.960317,20,64,420,0
P0,calibrated p_abnormal,0.06,420,0,61,23,1.0,0.873181,0.27381,0.72619,0.0,1.0,0.878968,0.932297,0.954365,23,61,420,0
P0,calibrated p_abnormal,0.07,420,0,58,26,1.0,0.878661,0.309524,0.690476,0.0,1.0,0.884921,0.935412,0.948413,26,58,420,0
P0,calibrated p_abnormal,0.08,420,0,57,27,1.0,0.880503,0.321429,0.678571,0.0,1.0,0.886905,0.936455,0.946429,27,57,420,0
P0,calibrated p_abnormal,0.09,420,0,55,29,1.0,0.884211,0.345238,0.654762,0.0,1.0,0.890873,0.938547,0.94246,29,55,420,0
P0,calibrated p_abnormal,0.1,420,0,53,31,1.0,0.887949,0.369048,0.630952,0.0,1.0,0.894841,0.940649,0.938492,31,53,420,0
P0,calibrated p_abnormal,0.11,419,1,51,33,0.997619,0.891489,0.392857,0.607143,0.002381,0.970588,0.896825,0.941573,0.93254,33,51,419,1
P0,calibrated p_abnormal,0.12,418,2,49,35,0.995238,0.895075,0.416667,0.583333,0.004762,0.945946,0.89881,0.942503,0.926587,35,49,418,2
P0,calibrated p_abnormal,0.13,418,2,48,36,0.995238,0.896996,0.428571,0.571429,0.004762,0.947368,0.900794,0.943567,0.924603,36,48,418,2
P0,calibrated p_abnormal,0.14,417,3,46,38,0.992857,0.900648,0.452381,0.547619,0.007143,0.926829,0.902778,0.944507,0.918651,38,46,417,3
P0,calibrated p_abnormal,0.15,416,4,43,41,0.990476,0.906318,0.488095,0.511905,0.009524,0.911111,0.906746,0.94653,0.910714,41,43,416,4
P0,calibrated p_abnormal,0.16,416,4,42,42,0.990476,0.908297,0.5,0.5,0.009524,0.913043,0.90873,0.947608,0.90873,42,42,416,4
P0,calibrated p_abnormal,0.17,416,4,42,42,0.990476,0.908297,0.5,0.5,0.009524,0.913043,0.90873,0.947608,0.90873,42,42,416,4
P0,calibrated p_abnormal,0.18,416,4,41,43,0.990476,0.910284,0.511905,0.488095,0.009524,0.914894,0.910714,0.948689,0.906746,43,41,416,4
P0,calibrated p_abnormal,0.19,416,4,41,43,0.990476,0.910284,0.511905,0.488095,0.009524,0.914894,0.910714,0.948689,0.906746,43,41,416,4
P0,calibrated p_abnormal,0.2,416,4,39,45,0.990476,0.914286,0.535714,0.464286,0.009524,0.918367,0.914683,0.950857,0.902778,45,39,416,4
P0,calibrated p_abnormal,0.21,415,5,37,47,0.988095,0.918142,0.559524,0.440476,0.011905,0.903846,0.916667,0.951835,0.896825,47,37,415,5
P0,calibrated p_abnormal,0.22,415,5,36,48,0.988095,0.920177,0.571429,0.428571,0.011905,0.90566,0.918651,0.952928,0.894841,48,36,415,5
P0,calibrated p_abnormal,0.23,415,5,35,49,0.988095,0.922222,0.583333,0.416667,0.011905,0.907407,0.920635,0.954023,0.892857,49,35,415,5
P0,calibrated p_abnormal,0.24,415,5,35,49,0.988095,0.922222,0.583333,0.416667,0.011905,0.907407,0.920635,0.954023,0.892857,49,35,415,5
P0,calibrated p_abnormal,0.25,415,5,34,50,0.988095,0.924276,0.595238,0.404762,0.011905,0.909091,0.922619,0.955121,0.890873,50,34,415,5
P0,calibrated p_abnormal,0.26,415,5,33,51,0.988095,0.926339,0.607143,0.392857,0.011905,0.910714,0.924603,0.956221,0.888889,51,33,415,5
P0,calibrated p_abnormal,0.27,415,5,33,51,0.988095,0.926339,0.607143,0.392857,0.011905,0.910714,0.924603,0.956221,0.888889,51,33,415,5
P0,calibrated p_abnormal,0.28,415,5,33,51,0.988095,0.926339,0.607143,0.392857,0.011905,0.910714,0.924603,0.956221,0.888889,51,33,415,5
P0,calibrated p_abnormal,0.29,414,6,31,53,0.985714,0.930337,0.630952,0.369048,0.014286,0.898305,0.926587,0.957225,0.882937,53,31,414,6
P0,calibrated p_abnormal,0.3,414,6,31,53,0.985714,0.930337,0.630952,0.369048,0.014286,0.898305,0.926587,0.957225,0.882937,53,31,414,6
P0,calibrated p_abnormal,0.31,414,6,31,53,0.985714,0.930337,0.630952,0.369048,0.014286,0.898305,0.926587,0.957225,0.882937,53,31,414,6
P0,calibrated p_abnormal,0.32,414,6,29,55,0.985714,0.934537,0.654762,0.345238,0.014286,0.901639,0.930556,0.959444,0.878968,55,29,414,6
P0,calibrated p_abnormal,0.33,414,6,29,55,0.985714,0.934537,0.654762,0.345238,0.014286,0.901639,0.930556,0.959444,0.878968,55,29,414,6
P0,calibrated p_abnormal,0.34,414,6,29,55,0.985714,0.934537,0.654762,0.345238,0.014286,0.901639,0.930556,0.959444,0.878968,55,29,414,6
P0,calibrated p_abnormal,0.35,414,6,29,55,0.985714,0.934537,0.654762,0.345238,0.014286,0.901639,0.930556,0.959444,0.878968,55,29,414,6
P0,calibrated p_abnormal,0.36,413,7,28,56,0.983333,0.936508,0.666667,0.333333,0.016667,0.888889,0.930556,0.95935,0.875,56,28,413,7
P0,calibrated p_abnormal,0.37,412,8,28,56,0.980952,0.936364,0.666667,0.333333,0.019048,0.875,0.928571,0.95814,0.873016,56,28,412,8
P0,calibrated p_abnormal,0.38,412,8,26,58,0.980952,0.940639,0.690476,0.309524,0.019048,0.878788,0.93254,0.960373,0.869048,58,26,412,8
P0,calibrated p_abnormal,0.39,412,8,25,59,0.980952,0.942792,0.702381,0.297619,0.019048,0.880597,0.934524,0.961494,0.867063,59,25,412,8
P0,calibrated p_abnormal,0.4,412,8,24,60,0.980952,0.944954,0.714286,0.285714,0.019048,0.882353,0.936508,0.962617,0.865079,60,24,412,8
P0,calibrated p_abnormal,0.41,411,9,23,61,0.978571,0.947005,0.72619,0.27381,0.021429,0.871429,0.936508,0.962529,0.861111,61,23,411,9
P0,calibrated p_abnormal,0.42,410,10,23,61,0.97619,0.946882,0.72619,0.27381,0.02381,0.859155,0.934524,0.961313,0.859127,61,23,410,10
P0,calibrated p_abnormal,0.43,408,12,22,62,0.971429,0.948837,0.738095,0.261905,0.028571,0.837838,0.93254,0.96,0.853175,62,22,408,12
P0,calibrated p_abnormal,0.44,406,14,21,63,0.966667,0.95082,0.75,0.25,0.033333,0.818182,0.930556,0.958678,0.847222,63,21,406,14
P0,calibrated p_abnormal,0.45,405,15,21,63,0.964286,0.950704,0.75,0.25,0.035714,0.807692,0.928571,0.957447,0.845238,63,21,405,15
P0,calibrated p_abnormal,0.46,405,15,21,63,0.964286,0.950704,0.75,0.25,0.035714,0.807692,0.928571,0.957447,0.845238,63,21,405,15
P0,calibrated p_abnormal,0.47,405,15,20,64,0.964286,0.952941,0.761905,0.238095,0.035714,0.810127,0.930556,0.95858,0.843254,64,20,405,15
P0,calibrated p_abnormal,0.48,405,15,20,64,0.964286,0.952941,0.761905,0.238095,0.035714,0.810127,0.930556,0.95858,0.843254,64,20,405,15
P0,calibrated p_abnormal,0.49,405,15,19,65,0.964286,0.955189,0.77381,0.22619,0.035714,0.8125,0.93254,0.959716,0.84127,65,19,405,15
P0,calibrated p_abnormal,0.5,404,16,18,66,0.961905,0.957346,0.785714,0.214286,0.038095,0.804878,0.93254,0.95962,0.837302,66,18,404,16
P0,calibrated p_abnormal,0.51,404,16,18,66,0.961905,0.957346,0.785714,0.214286,0.038095,0.804878,0.93254,0.95962,0.837302,66,18,404,16
P0,calibrated p_abnormal,0.52,404,16,17,67,0.961905,0.95962,0.797619,0.202381,0.038095,0.807229,0.934524,0.960761,0.835317,67,17,404,16
P0,calibrated p_abnormal,0.53,402,18,17,67,0.957143,0.959427,0.797619,0.202381,0.042857,0.788235,0.930556,0.958284,0.831349,67,17,402,18
P0,calibrated p_abnormal,0.54,401,19,16,68,0.954762,0.961631,0.809524,0.190476,0.045238,0.781609,0.930556,0.958184,0.827381,68,16,401,19
P0,calibrated p_abnormal,0.55,400,20,16,68,0.952381,0.961538,0.809524,0.190476,0.047619,0.772727,0.928571,0.956938,0.825397,68,16,400,20
P0,calibrated p_abnormal,0.56,399,21,16,68,0.95,0.961446,0.809524,0.190476,0.05,0.764045,0.926587,0.955689,0.823413,68,16,399,21
P0,calibrated p_abnormal,0.57,398,22,16,68,0.947619,0.961353,0.809524,0.190476,0.052381,0.755556,0.924603,0.954436,0.821429,68,16,398,22
P0,calibrated p_abnormal,0.58,398,22,15,69,0.947619,0.96368,0.821429,0.178571,0.052381,0.758242,0.926587,0.955582,0.819444,69,15,398,22
P0,calibrated p_abnormal,0.59,397,23,15,69,0.945238,0.963592,0.821429,0.178571,0.054762,0.75,0.924603,0.954327,0.81746,69,15,397,23
P0,calibrated p_abnormal,0.6,396,24,15,69,0.942857,0.963504,0.821429,0.178571,0.057143,0.741935,0.922619,0.953069,0.815476,69,15,396,24
P0,calibrated p_abnormal,0.61,395,25,15,69,0.940476,0.963415,0.821429,0.178571,0.059524,0.734043,0.920635,0.951807,0.813492,69,15,395,25
P0,calibrated p_abnormal,0.62,395,25,15,69,0.940476,0.963415,0.821429,0.178571,0.059524,0.734043,0.920635,0.951807,0.813492,69,15,395,25
P0,calibrated p_abnormal,0.63,392,28,15,69,0.933333,0.963145,0.821429,0.178571,0.066667,0.71134,0.914683,0.948005,0.80754,69,15,392,28
P0,calibrated p_abnormal,0.64,391,29,14,70,0.930952,0.965432,0.833333,0.166667,0.069048,0.707071,0.914683,0.947879,0.803571,70,14,391,29
P0,calibrated p_abnormal,0.65,389,31,14,70,0.92619,0.965261,0.833333,0.166667,0.07381,0.693069,0.910714,0.945322,0.799603,70,14,389,31
P0,calibrated p_abnormal,0.66,387,33,14,70,0.921429,0.965087,0.833333,0.166667,0.078571,0.679612,0.906746,0.942753,0.795635,70,14,387,33
P0,calibrated p_abnormal,0.67,383,37,14,70,0.911905,0.964736,0.833333,0.166667,0.088095,0.654206,0.89881,0.937576,0.787698,70,14,383,37
P0,calibrated p_abnormal,0.68,382,38,13,71,0.909524,0.967089,0.845238,0.154762,0.090476,0.651376,0.89881,0.937423,0.78373,71,13,382,38
P0,calibrated p_abnormal,0.69,379,41,13,71,0.902381,0.966837,0.845238,0.154762,0.097619,0.633929,0.892857,0.933498,0.777778,71,13,379,41
P0,calibrated p_abnormal,0.7,379,41,13,71,0.902381,0.966837,0.845238,0.154762,0.097619,0.633929,0.892857,0.933498,0.777778,71,13,379,41
P0,calibrated p_abnormal,0.71,378,42,13,71,0.9,0.966752,0.845238,0.154762,0.1,0.628319,0.890873,0.932182,0.775794,71,13,378,42
P0,calibrated p_abnormal,0.72,377,43,13,71,0.897619,0.966667,0.845238,0.154762,0.102381,0.622807,0.888889,0.930864,0.77381,71,13,377,43
P0,calibrated p_abnormal,0.73,374,46,13,71,0.890476,0.966408,0.845238,0.154762,0.109524,0.606838,0.882937,0.92689,0.767857,71,13,374,46
P0,calibrated p_abnormal,0.74,373,47,12,72,0.888095,0.968831,0.857143,0.142857,0.111905,0.605042,0.882937,0.926708,0.763889,72,12,373,47
P0,calibrated p_abnormal,0.75,370,50,11,73,0.880952,0.971129,0.869048,0.130952,0.119048,0.593496,0.878968,0.923845,0.755952,73,11,370,50
P0,calibrated p_abnormal,0.76,366,54,11,73,0.871429,0.970822,0.869048,0.130952,0.128571,0.574803,0.871032,0.918444,0.748016,73,11,366,54
P0,calibrated p_abnormal,0.77,365,55,11,73,0.869048,0.970745,0.869048,0.130952,0.130952,0.570312,0.869048,0.917085,0.746032,73,11,365,55
P0,calibrated p_abnormal,0.78,365,55,11,73,0.869048,0.970745,0.869048,0.130952,0.130952,0.570312,0.869048,0.917085,0.746032,73,11,365,55
P0,calibrated p_abnormal,0.79,364,56,10,74,0.866667,0.973262,0.880952,0.119048,0.133333,0.569231,0.869048,0.916877,0.742063,74,10,364,56
P0,calibrated p_abnormal,0.8,360,60,10,74,0.857143,0.972973,0.880952,0.119048,0.142857,0.552239,0.861111,0.911392,0.734127,74,10,360,60
P0,calibrated p_abnormal,0.81,359,61,10,74,0.854762,0.9729,0.880952,0.119048,0.145238,0.548148,0.859127,0.910013,0.732143,74,10,359,61
P0,calibrated p_abnormal,0.82,355,65,10,74,0.845238,0.972603,0.880952,0.119048,0.154762,0.532374,0.85119,0.904459,0.724206,74,10,355,65
P0,calibrated p_abnormal,0.83,352,68,10,74,0.838095,0.972376,0.880952,0.119048,0.161905,0.521127,0.845238,0.900256,0.718254,74,10,352,68
P0,calibrated p_abnormal,0.84,346,74,10,74,0.82381,0.97191,0.880952,0.119048,0.17619,0.5,0.833333,0.891753,0.706349,74,10,346,74
P0,calibrated p_abnormal,0.85,342,78,9,75,0.814286,0.974359,0.892857,0.107143,0.185714,0.490196,0.827381,0.88716,0.696429,75,9,342,78
P0,calibrated p_abnormal,0.86,339,81,9,75,0.807143,0.974138,0.892857,0.107143,0.192857,0.480769,0.821429,0.882812,0.690476,75,9,339,81
P0,calibrated p_abnormal,0.87,335,85,7,77,0.797619,0.979532,0.916667,0.083333,0.202381,0.475309,0.81746,0.879265,0.678571,77,7,335,85
P0,calibrated p_abnormal,0.88,332,88,7,77,0.790476,0.979351,0.916667,0.083333,0.209524,0.466667,0.811508,0.874835,0.672619,77,7,332,88
P0,calibrated p_abnormal,0.89,324,96,7,77,0.771429,0.978852,0.916667,0.083333,0.228571,0.445087,0.795635,0.86285,0.656746,77,7,324,96
P0,calibrated p_abnormal,0.9,319,101,6,78,0.759524,0.981538,0.928571,0.071429,0.240476,0.435754,0.787698,0.856376,0.644841,78,6,319,101
P0,calibrated p_abnormal,0.91,316,104,5,79,0.752381,0.984424,0.940476,0.059524,0.247619,0.431694,0.78373,0.852901,0.636905,79,5,316,104
P0,calibrated p_abnormal,0.92,307,113,5,79,0.730952,0.983974,0.940476,0.059524,0.269048,0.411458,0.765873,0.838798,0.619048,79,5,307,113
P0,calibrated p_abnormal,0.93,296,124,5,79,0.704762,0.983389,0.940476,0.059524,0.295238,0.389163,0.744048,0.821082,0.597222,79,5,296,124
P0,calibrated p_abnormal,0.94,290,130,5,79,0.690476,0.983051,0.940476,0.059524,0.309524,0.37799,0.732143,0.811189,0.585317,79,5,290,130
P0,calibrated p_abnormal,0.95,282,138,5,79,0.671429,0.982578,0.940476,0.059524,0.328571,0.364055,0.71627,0.797737,0.569444,79,5,282,138
P0,calibrated p_abnormal,0.96,271,149,4,80,0.645238,0.985455,0.952381,0.047619,0.354762,0.349345,0.696429,0.779856,0.545635,80,4,271,149
P0,calibrated p_abnormal,0.97,253,167,1,83,0.602381,0.996063,0.988095,0.011905,0.397619,0.332,0.666667,0.750742,0.503968,83,1,253,167
P0,calibrated p_abnormal,0.98,228,192,1,83,0.542857,0.995633,0.988095,0.011905,0.457143,0.301818,0.617063,0.702619,0.454365,83,1,228,192
P0,calibrated p_abnormal,0.99,183,237,0,84,0.435714,1.0,1.0,0.0,0.564286,0.261682,0.529762,0.606965,0.363095,84,0,183,237
P1,p_abnormal + uncertainty,0.01,420,0,84,0,1.0,0.833333,0.0,1.0,0.0,0.0,0.833333,0.909091,1.0,0,84,420,0
P1,p_abnormal + uncertainty,0.02,420,0,84,0,1.0,0.833333,0.0,1.0,0.0,0.0,0.833333,0.909091,1.0,0,84,420,0
P1,p_abnormal + uncertainty,0.03,420,0,84,0,1.0,0.833333,0.0,1.0,0.0,0.0,0.833333,0.909091,1.0,0,84,420,0
P1,p_abnormal + uncertainty,0.04,420,0,84,0,1.0,0.833333,0.0,1.0,0.0,0.0,0.833333,0.909091,1.0,0,84,420,0
P1,p_abnormal + uncertainty,0.05,420,0,84,0,1.0,0.833333,0.0,1.0,0.0,0.0,0.833333,0.909091,1.0,0,84,420,0
P1,p_abnormal + uncertainty,0.06,420,0,84,0,1.0,0.833333,0.0,1.0,0.0,0.0,0.833333,0.909091,1.0,0,84,420,0
P1,p_abnormal + uncertainty,0.07,420,0,84,0,1.0,0.833333,0.0,1.0,0.0,0.0,0.833333,0.909091,1.0,0,84,420,0
P1,p_abnormal + uncertainty,0.08,420,0,84,0,1.0,0.833333,0.0,1.0,0.0,0.0,0.833333,0.909091,1.0,0,84,420,0
P1,p_abnormal + uncertainty,0.09,420,0,84,0,1.0,0.833333,0.0,1.0,0.0,0.0,0.833333,0.909091,1.0,0,84,420,0
P1,p_abnormal + uncertainty,0.1,420,0,84,0,1.0,0.833333,0.0,1.0,0.0,0.0,0.833333,0.909091,1.0,0,84,420,0
P1,p_abnormal + uncertainty,0.11,420,0,84,0,1.0,0.833333,0.0,1.0,0.0,0.0,0.833333,0.909091,1.0,0,84,420,0
P1,p_abnormal + uncertainty,0.12,420,0,84,0,1.0,0.833333,0.0,1.0,0.0,0.0,0.833333,0.909091,1.0,0,84,420,0
P1,p_abnormal + uncertainty,0.13,420,0,84,0,1.0,0.833333,0.0,1.0,0.0,0.0,0.833333,0.909091,1.0,0,84,420,0
P1,p_abnormal + uncertainty,0.14,420,0,84,0,1.0,0.833333,0.0,1.0,0.0,0.0,0.833333,0.909091,1.0,0,84,420,0
P1,p_abnormal + uncertainty,0.15,420,0,84,0,1.0,0.833333,0.0,1.0,0.0,0.0,0.833333,0.909091,1.0,0,84,420,0
P1,p_abnormal + uncertainty,0.16,420,0,84,0,1.0,0.833333,0.0,1.0,0.0,0.0,0.833333,0.909091,1.0,0,84,420,0
P1,p_abnormal + uncertainty,0.17,420,0,84,0,1.0,0.833333,0.0,1.0,0.0,0.0,0.833333,0.909091,1.0,0,84,420,0
P1,p_abnormal + uncertainty,0.18,420,0,84,0,1.0,0.833333,0.0,1.0,0.0,0.0,0.833333,0.909091,1.0,0,84,420,0
P1,p_abnormal + uncertainty,0.19,420,0,84,0,1.0,0.833333,0.0,1.0,0.0,0.0,0.833333,0.909091,1.0,0,84,420,0
P1,p_abnormal + uncertainty,0.2,420,0,84,0,1.0,0.833333,0.0,1.0,0.0,0.0,0.833333,0.909091,1.0,0,84,420,0
P1,p_abnormal + uncertainty,0.21,420,0,84,0,1.0,0.833333,0.0,1.0,0.0,0.0,0.833333,0.909091,1.0,0,84,420,0
P1,p_abnormal + uncertainty,0.22,420,0,84,0,1.0,0.833333,0.0,1.0,0.0,0.0,0.833333,0.909091,1.0,0,84,420,0
P1,p_abnormal + uncertainty,0.23,420,0,84,0,1.0,0.833333,0.0,1.0,0.0,0.0,0.833333,0.909091,1.0,0,84,420,0
P1,p_abnormal + uncertainty,0.24,420,0,84,0,1.0,0.833333,0.0,1.0,0.0,0.0,0.833333,0.909091,1.0,0,84,420,0
P1,p_abnormal + uncertainty,0.25,420,0,84,0,1.0,0.833333,0.0,1.0,0.0,0.0,0.833333,0.909091,1.0,0,84,420,0
P1,p_abnormal + uncertainty,0.26,420,0,84,0,1.0,0.833333,0.0,1.0,0.0,0.0,0.833333,0.909091,1.0,0,84,420,0
P1,p_abnormal + uncertainty,0.27,420,0,78,6,1.0,0.843373,0.071429,0.928571,0.0,1.0,0.845238,0.915033,0.988095,6,78,420,0
P1,p_abnormal + uncertainty,0.28,420,0,64,20,1.0,0.867769,0.238095,0.761905,0.0,1.0,0.873016,0.929204,0.960317,20,64,420,0
P1,p_abnormal + uncertainty,0.29,420,0,57,27,1.0,0.880503,0.321429,0.678571,0.0,1.0,0.886905,0.936455,0.946429,27,57,420,0
P1,p_abnormal + uncertainty,0.3,419,1,52,32,0.997619,0.889597,0.380952,0.619048,0.002381,0.969697,0.894841,0.940516,0.934524,32,52,419,1
P1,p_abnormal + uncertainty,0.31,418,2,48,36,0.995238,0.896996,0.428571,0.571429,0.004762,0.947368,0.900794,0.943567,0.924603,36,48,418,2
P1,p_abnormal + uncertainty,0.32,416,4,44,40,0.990476,0.904348,0.47619,0.52381,0.009524,0.909091,0.904762,0.945455,0.912698,40,44,416,4
P1,p_abnormal + uncertainty,0.33,416,4,42,42,0.990476,0.908297,0.5,0.5,0.009524,0.913043,0.90873,0.947608,0.90873,42,42,416,4
P1,p_abnormal + uncertainty,0.34,416,4,41,43,0.990476,0.910284,0.511905,0.488095,0.009524,0.914894,0.910714,0.948689,0.906746,43,41,416,4
P1,p_abnormal + uncertainty,0.35,416,4,38,46,0.990476,0.9163,0.547619,0.452381,0.009524,0.92,0.916667,0.951945,0.900794,46,38,416,4
P1,p_abnormal + uncertainty,0.36,415,5,36,48,0.988095,0.920177,0.571429,0.428571,0.011905,0.90566,0.918651,0.952928,0.894841,48,36,415,5
P1,p_abnormal + uncertainty,0.37,415,5,35,49,0.988095,0.922222,0.583333,0.416667,0.011905,0.907407,0.920635,0.954023,0.892857,49,35,415,5
P1,p_abnormal + uncertainty,0.38,415,5,33,51,0.988095,0.926339,0.607143,0.392857,0.011905,0.910714,0.924603,0.956221,0.888889,51,33,415,5
P1,p_abnormal + uncertainty,0.39,415,5,33,51,0.988095,0.926339,0.607143,0.392857,0.011905,0.910714,0.924603,0.956221,0.888889,51,33,415,5
P1,p_abnormal + uncertainty,0.4,414,6,31,53,0.985714,0.930337,0.630952,0.369048,0.014286,0.898305,0.926587,0.957225,0.882937,53,31,414,6
P1,p_abnormal + uncertainty,0.41,414,6,31,53,0.985714,0.930337,0.630952,0.369048,0.014286,0.898305,0.926587,0.957225,0.882937,53,31,414,6
P1,p_abnormal + uncertainty,0.42,414,6,29,55,0.985714,0.934537,0.654762,0.345238,0.014286,0.901639,0.930556,0.959444,0.878968,55,29,414,6
P1,p_abnormal + uncertainty,0.43,414,6,29,55,0.985714,0.934537,0.654762,0.345238,0.014286,0.901639,0.930556,0.959444,0.878968,55,29,414,6
P1,p_abnormal + uncertainty,0.44,413,7,28,56,0.983333,0.936508,0.666667,0.333333,0.016667,0.888889,0.930556,0.95935,0.875,56,28,413,7
P1,p_abnormal + uncertainty,0.45,412,8,26,58,0.980952,0.940639,0.690476,0.309524,0.019048,0.878788,0.93254,0.960373,0.869048,58,26,412,8
P1,p_abnormal + uncertainty,0.46,412,8,24,60,0.980952,0.944954,0.714286,0.285714,0.019048,0.882353,0.936508,0.962617,0.865079,60,24,412,8
P1,p_abnormal + uncertainty,0.47,410,10,23,61,0.97619,0.946882,0.72619,0.27381,0.02381,0.859155,0.934524,0.961313,0.859127,61,23,410,10
P1,p_abnormal + uncertainty,0.48,406,14,21,63,0.966667,0.95082,0.75,0.25,0.033333,0.818182,0.930556,0.958678,0.847222,63,21,406,14
P1,p_abnormal + uncertainty,0.49,336,84,15,69,0.8,0.957265,0.821429,0.178571,0.2,0.45098,0.803571,0.871595,0.696429,69,15,336,84
P1,p_abnormal + uncertainty,0.5,28,392,5,79,0.066667,0.848485,0.940476,0.059524,0.933333,0.167728,0.212302,0.12362,0.065476,79,5,28,392
P1,p_abnormal + uncertainty,0.51,7,413,2,82,0.016667,0.777778,0.97619,0.02381,0.983333,0.165657,0.176587,0.032634,0.017857,82,2,7,413
P1,p_abnormal + uncertainty,0.52,0,420,0,84,0.0,0.0,1.0,0.0,1.0,0.166667,0.166667,0.0,0.0,84,0,0,420
P1,p_abnormal + uncertainty,0.53,0,420,0,84,0.0,0.0,1.0,0.0,1.0,0.166667,0.166667,0.0,0.0,84,0,0,420
P1,p_abnormal + uncertainty,0.54,0,420,0,84,0.0,0.0,1.0,0.0,1.0,0.166667,0.166667,0.0,0.0,84,0,0,420
P1,p_abnormal + uncertainty,0.55,0,420,0,84,0.0,0.0,1.0,0.0,1.0,0.166667,0.166667,0.0,0.0,84,0,0,420
P1,p_abnormal + uncertainty,0.56,0,420,0,84,0.0,0.0,1.0,0.0,1.0,0.166667,0.166667,0.0,0.0,84,0,0,420
P1,p_abnormal + uncertainty,0.57,0,420,0,84,0.0,0.0,1.0,0.0,1.0,0.166667,0.166667,0.0,0.0,84,0,0,420
P1,p_abnormal + uncertainty,0.58,0,420,0,84,0.0,0.0,1.0,0.0,1.0,0.166667,0.166667,0.0,0.0,84,0,0,420
P1,p_abnormal + uncertainty,0.59,0,420,0,84,0.0,0.0,1.0,0.0,1.0,0.166667,0.166667,0.0,0.0,84,0,0,420
P1,p_abnormal + uncertainty,0.6,0,420,0,84,0.0,0.0,1.0,0.0,1.0,0.166667,0.166667,0.0,0.0,84,0,0,420
P1,p_abnormal + uncertainty,0.61,0,420,0,84,0.0,0.0,1.0,0.0,1.0,0.166667,0.166667,0.0,0.0,84,0,0,420
P1,p_abnormal + uncertainty,0.62,0,420,0,84,0.0,0.0,1.0,0.0,1.0,0.166667,0.166667,0.0,0.0,84,0,0,420
P1,p_abnormal + uncertainty,0.63,0,420,0,84,0.0,0.0,1.0,0.0,1.0,0.166667,0.166667,0.0,0.0,84,0,0,420
P1,p_abnormal + uncertainty,0.64,0,420,0,84,0.0,0.0,1.0,0.0,1.0,0.166667,0.166667,0.0,0.0,84,0,0,420
P1,p_abnormal + uncertainty,0.65,0,420,0,84,0.0,0.0,1.0,0.0,1.0,0.166667,0.166667,0.0,0.0,84,0,0,420
P1,p_abnormal + uncertainty,0.66,0,420,0,84,0.0,0.0,1.0,0.0,1.0,0.166667,0.166667,0.0,0.0,84,0,0,420
P1,p_abnormal + uncertainty,0.67,0,420,0,84,0.0,0.0,1.0,0.0,1.0,0.166667,0.166667,0.0,0.0,84,0,0,420
P1,p_abnormal + uncertainty,0.68,0,420,0,84,0.0,0.0,1.0,0.0,1.0,0.166667,0.166667,0.0,0.0,84,0,0,420
P1,p_abnormal + uncertainty,0.69,0,420,0,84,0.0,0.0,1.0,0.0,1.0,0.166667,0.166667,0.0,0.0,84,0,0,420
P1,p_abnormal + uncertainty,0.7,0,420,0,84,0.0,0.0,1.0,0.0,1.0,0.166667,0.166667,0.0,0.0,84,0,0,420
P1,p_abnormal + uncertainty,0.71,0,420,0,84,0.0,0.0,1.0,0.0,1.0,0.166667,0.166667,0.0,0.0,84,0,0,420
P1,p_abnormal + uncertainty,0.72,0,420,0,84,0.0,0.0,1.0,0.0,1.0,0.166667,0.166667,0.0,0.0,84,0,0,420
P1,p_abnormal + uncertainty,0.73,0,420,0,84,0.0,0.0,1.0,0.0,1.0,0.166667,0.166667,0.0,0.0,84,0,0,420
P1,p_abnormal + uncertainty,0.74,0,420,0,84,0.0,0.0,1.0,0.0,1.0,0.166667,0.166667,0.0,0.0,84,0,0,420
P1,p_abnormal + uncertainty,0.75,0,420,0,84,0.0,0.0,1.0,0.0,1.0,0.166667,0.166667,0.0,0.0,84,0,0,420
P1,p_abnormal + uncertainty,0.76,0,420,0,84,0.0,0.0,1.0,0.0,1.0,0.166667,0.166667,0.0,0.0,84,0,0,420
P1,p_abnormal + uncertainty,0.77,0,420,0,84,0.0,0.0,1.0,0.0,1.0,0.166667,0.166667,0.0,0.0,84,0,0,420
P1,p_abnormal + uncertainty,0.78,0,420,0,84,0.0,0.0,1.0,0.0,1.0,0.166667,0.166667,0.0,0.0,84,0,0,420
P1,p_abnormal + uncertainty,0.79,0,420,0,84,0.0,0.0,1.0,0.0,1.0,0.166667,0.166667,0.0,0.0,84,0,0,420
P1,p_abnormal + uncertainty,0.8,0,420,0,84,0.0,0.0,1.0,0.0,1.0,0.166667,0.166667,0.0,0.0,84,0,0,420
P1,p_abnormal + uncertainty,0.81,0,420,0,84,0.0,0.0,1.0,0.0,1.0,0.166667,0.166667,0.0,0.0,84,0,0,420
P1,p_abnormal + uncertainty,0.82,0,420,0,84,0.0,0.0,1.0,0.0,1.0,0.166667,0.166667,0.0,0.0,84,0,0,420
P1,p_abnormal + uncertainty,0.83,0,420,0,84,0.0,0.0,1.0,0.0,1.0,0.166667,0.166667,0.0,0.0,84,0,0,420
P1,p_abnormal + uncertainty,0.84,0,420,0,84,0.0,0.0,1.0,0.0,1.0,0.166667,0.166667,0.0,0.0,84,0,0,420
P1,p_abnormal + uncertainty,0.85,0,420,0,84,0.0,0.0,1.0,0.0,1.0,0.166667,0.166667,0.0,0.0,84,0,0,420
P1,p_abnormal + uncertainty,0.86,0,420,0,84,0.0,0.0,1.0,0.0,1.0,0.166667,0.166667,0.0,0.0,84,0,0,420
P1,p_abnormal + uncertainty,0.87,0,420,0,84,0.0,0.0,1.0,0.0,1.0,0.166667,0.166667,0.0,0.0,84,0,0,420
P1,p_abnormal + uncertainty,0.88,0,420,0,84,0.0,0.0,1.0,0.0,1.0,0.166667,0.166667,0.0,0.0,84,0,0,420
P1,p_abnormal + uncertainty,0.89,0,420,0,84,0.0,0.0,1.0,0.0,1.0,0.166667,0.166667,0.0,0.0,84,0,0,420
P1,p_abnormal + uncertainty,0.9,0,420,0,84,0.0,0.0,1.0,0.0,1.0,0.166667,0.166667,0.0,0.0,84,0,0,420
P1,p_abnormal + uncertainty,0.91,0,420,0,84,0.0,0.0,1.0,0.0,1.0,0.166667,0.166667,0.0,0.0,84,0,0,420
P1,p_abnormal + uncertainty,0.92,0,420,0,84,0.0,0.0,1.0,0.0,1.0,0.166667,0.166667,0.0,0.0,84,0,0,420
P1,p_abnormal + uncertainty,0.93,0,420,0,84,0.0,0.0,1.0,0.0,1.0,0.166667,0.166667,0.0,0.0,84,0,0,420
P1,p_abnormal + uncertainty,0.94,0,420,0,84,0.0,0.0,1.0,0.0,1.0,0.166667,0.166667,0.0,0.0,84,0,0,420
P1,p_abnormal + uncertainty,0.95,0,420,0,84,0.0,0.0,1.0,0.0,1.0,0.166667,0.166667,0.0,0.0,84,0,0,420
P1,p_abnormal + uncertainty,0.96,0,420,0,84,0.0,0.0,1.0,0.0,1.0,0.166667,0.166667,0.0,0.0,84,0,0,420
P1,p_abnormal + uncertainty,0.97,0,420,0,84,0.0,0.0,1.0,0.0,1.0,0.166667,0.166667,0.0,0.0,84,0,0,420
P1,p_abnormal + uncertainty,0.98,0,420,0,84,0.0,0.0,1.0,0.0,1.0,0.166667,0.166667,0.0,0.0,84,0,0,420
P1,p_abnormal + uncertainty,0.99,0,420,0,84,0.0,0.0,1.0,0.0,1.0,0.166667,0.166667,0.0,0.0,84,0,0,420
P2,p_abnormal + trust,0.01,420,0,84,0,1.0,0.833333,0.0,1.0,0.0,0.0,0.833333,0.909091,1.0,0,84,420,0
P2,p_abnormal + trust,0.02,420,0,84,0,1.0,0.833333,0.0,1.0,0.0,0.0,0.833333,0.909091,1.0,0,84,420,0
P2,p_abnormal + trust,0.03,420,0,84,0,1.0,0.833333,0.0,1.0,0.0,0.0,0.833333,0.909091,1.0,0,84,420,0
P2,p_abnormal + trust,0.04,420,0,84,0,1.0,0.833333,0.0,1.0,0.0,0.0,0.833333,0.909091,1.0,0,84,420,0
P2,p_abnormal + trust,0.05,420,0,84,0,1.0,0.833333,0.0,1.0,0.0,0.0,0.833333,0.909091,1.0,0,84,420,0
P2,p_abnormal + trust,0.06,420,0,84,0,1.0,0.833333,0.0,1.0,0.0,0.0,0.833333,0.909091,1.0,0,84,420,0
P2,p_abnormal + trust,0.07,420,0,84,0,1.0,0.833333,0.0,1.0,0.0,0.0,0.833333,0.909091,1.0,0,84,420,0
P2,p_abnormal + trust,0.08,420,0,84,0,1.0,0.833333,0.0,1.0,0.0,0.0,0.833333,0.909091,1.0,0,84,420,0
P2,p_abnormal + trust,0.09,420,0,84,0,1.0,0.833333,0.0,1.0,0.0,0.0,0.833333,0.909091,1.0,0,84,420,0
P2,p_abnormal + trust,0.1,420,0,84,0,1.0,0.833333,0.0,1.0,0.0,0.0,0.833333,0.909091,1.0,0,84,420,0
P2,p_abnormal + trust,0.11,420,0,84,0,1.0,0.833333,0.0,1.0,0.0,0.0,0.833333,0.909091,1.0,0,84,420,0
P2,p_abnormal + trust,0.12,420,0,84,0,1.0,0.833333,0.0,1.0,0.0,0.0,0.833333,0.909091,1.0,0,84,420,0
P2,p_abnormal + trust,0.13,420,0,84,0,1.0,0.833333,0.0,1.0,0.0,0.0,0.833333,0.909091,1.0,0,84,420,0
P2,p_abnormal + trust,0.14,420,0,84,0,1.0,0.833333,0.0,1.0,0.0,0.0,0.833333,0.909091,1.0,0,84,420,0
P2,p_abnormal + trust,0.15,420,0,84,0,1.0,0.833333,0.0,1.0,0.0,0.0,0.833333,0.909091,1.0,0,84,420,0
P2,p_abnormal + trust,0.16,420,0,84,0,1.0,0.833333,0.0,1.0,0.0,0.0,0.833333,0.909091,1.0,0,84,420,0
P2,p_abnormal + trust,0.17,420,0,77,7,1.0,0.84507,0.083333,0.916667,0.0,1.0,0.847222,0.916031,0.986111,7,77,420,0
P2,p_abnormal + trust,0.18,419,1,58,26,0.997619,0.878407,0.309524,0.690476,0.002381,0.962963,0.882937,0.934225,0.946429,26,58,419,1
P2,p_abnormal + trust,0.19,418,2,47,37,0.995238,0.898925,0.440476,0.559524,0.004762,0.948718,0.902778,0.944633,0.922619,37,47,418,2
P2,p_abnormal + trust,0.2,416,4,39,45,0.990476,0.914286,0.535714,0.464286,0.009524,0.918367,0.914683,0.950857,0.902778,45,39,416,4
P2,p_abnormal + trust,0.21,415,5,36,48,0.988095,0.920177,0.571429,0.428571,0.011905,0.90566,0.918651,0.952928,0.894841,48,36,415,5
P2,p_abnormal + trust,0.22,415,5,31,53,0.988095,0.930493,0.630952,0.369048,0.011905,0.913793,0.928571,0.95843,0.884921,53,31,415,5
P2,p_abnormal + trust,0.23,414,6,30,54,0.985714,0.932432,0.642857,0.357143,0.014286,0.9,0.928571,0.958333,0.880952,54,30,414,6
P2,p_abnormal + trust,0.24,412,8,26,58,0.980952,0.940639,0.690476,0.309524,0.019048,0.878788,0.93254,0.960373,0.869048,58,26,412,8
P2,p_abnormal + trust,0.25,409,11,24,60,0.97381,0.944573,0.714286,0.285714,0.02619,0.84507,0.930556,0.958968,0.859127,60,24,409,11
P2,p_abnormal + trust,0.26,406,14,19,65,0.966667,0.955294,0.77381,0.22619,0.033333,0.822785,0.934524,0.960947,0.843254,65,19,406,14
P2,p_abnormal + trust,0.27,402,18,17,67,0.957143,0.959427,0.797619,0.202381,0.042857,0.788235,0.930556,0.958284,0.831349,67,17,402,18
P2,p_abnormal + trust,0.28,397,23,16,68,0.945238,0.961259,0.809524,0.190476,0.054762,0.747253,0.922619,0.953181,0.819444,68,16,397,23
P2,p_abnormal + trust,0.29,393,27,14,70,0.935714,0.965602,0.833333,0.166667,0.064286,0.721649,0.918651,0.950423,0.80754,70,14,393,27
P2,p_abnormal + trust,0.3,386,34,13,71,0.919048,0.967419,0.845238,0.154762,0.080952,0.67619,0.906746,0.942613,0.791667,71,13,386,34
P2,p_abnormal + trust,0.31,378,42,13,71,0.9,0.966752,0.845238,0.154762,0.1,0.628319,0.890873,0.932182,0.775794,71,13,378,42
P2,p_abnormal + trust,0.32,374,46,10,74,0.890476,0.973958,0.880952,0.119048,0.109524,0.616667,0.888889,0.930348,0.761905,74,10,374,46
P2,p_abnormal + trust,0.33,364,56,10,74,0.866667,0.973262,0.880952,0.119048,0.133333,0.569231,0.869048,0.916877,0.742063,74,10,364,56
P2,p_abnormal + trust,0.34,351,69,10,74,0.835714,0.972299,0.880952,0.119048,0.164286,0.517483,0.843254,0.898848,0.71627,74,10,351,69
P2,p_abnormal + trust,0.35,345,75,9,75,0.821429,0.974576,0.892857,0.107143,0.178571,0.5,0.833333,0.891473,0.702381,75,9,345,75
P2,p_abnormal + trust,0.36,329,91,7,77,0.783333,0.979167,0.916667,0.083333,0.216667,0.458333,0.805556,0.87037,0.666667,77,7,329,91
P2,p_abnormal + trust,0.37,307,113,5,79,0.730952,0.983974,0.940476,0.059524,0.269048,0.411458,0.765873,0.838798,0.619048,79,5,307,113
P2,p_abnormal + trust,0.38,278,142,4,80,0.661905,0.985816,0.952381,0.047619,0.338095,0.36036,0.710317,0.792023,0.559524,80,4,278,142
P2,p_abnormal + trust,0.39,183,237,1,83,0.435714,0.994565,0.988095,0.011905,0.564286,0.259375,0.527778,0.60596,0.365079,83,1,183,237
P2,p_abnormal + trust,0.4,39,381,0,84,0.092857,1.0,1.0,0.0,0.907143,0.180645,0.244048,0.169935,0.077381,84,0,39,381
P2,p_abnormal + trust,0.41,0,420,0,84,0.0,0.0,1.0,0.0,1.0,0.166667,0.166667,0.0,0.0,84,0,0,420
P2,p_abnormal + trust,0.42,0,420,0,84,0.0,0.0,1.0,0.0,1.0,0.166667,0.166667,0.0,0.0,84,0,0,420
P2,p_abnormal + trust,0.43,0,420,0,84,0.0,0.0,1.0,0.0,1.0,0.166667,0.166667,0.0,0.0,84,0,0,420
P2,p_abnormal + trust,0.44,0,420,0,84,0.0,0.0,1.0,0.0,1.0,0.166667,0.166667,0.0,0.0,84,0,0,420
P2,p_abnormal + trust,0.45,0,420,0,84,0.0,0.0,1.0,0.0,1.0,0.166667,0.166667,0.0,0.0,84,0,0,420
P2,p_abnormal + trust,0.46,0,420,0,84,0.0,0.0,1.0,0.0,1.0,0.166667,0.166667,0.0,0.0,84,0,0,420
P2,p_abnormal + trust,0.47,0,420,0,84,0.0,0.0,1.0,0.0,1.0,0.166667,0.166667,0.0,0.0,84,0,0,420
P2,p_abnormal + trust,0.48,0,420,0,84,0.0,0.0,1.0,0.0,1.0,0.166667,0.166667,0.0,0.0,84,0,0,420
P2,p_abnormal + trust,0.49,0,420,0,84,0.0,0.0,1.0,0.0,1.0,0.166667,0.166667,0.0,0.0,84,0,0,420
P2,p_abnormal + trust,0.5,0,420,0,84,0.0,0.0,1.0,0.0,1.0,0.166667,0.166667,0.0,0.0,84,0,0,420
P2,p_abnormal + trust,0.51,0,420,0,84,0.0,0.0,1.0,0.0,1.0,0.166667,0.166667,0.0,0.0,84,0,0,420
P2,p_abnormal + trust,0.52,0,420,0,84,0.0,0.0,1.0,0.0,1.0,0.166667,0.166667,0.0,0.0,84,0,0,420
P2,p_abnormal + trust,0.53,0,420,0,84,0.0,0.0,1.0,0.0,1.0,0.166667,0.166667,0.0,0.0,84,0,0,420
P2,p_abnormal + trust,0.54,0,420,0,84,0.0,0.0,1.0,0.0,1.0,0.166667,0.166667,0.0,0.0,84,0,0,420
P2,p_abnormal + trust,0.55,0,420,0,84,0.0,0.0,1.0,0.0,1.0,0.166667,0.166667,0.0,0.0,84,0,0,420
P2,p_abnormal + trust,0.56,0,420,0,84,0.0,0.0,1.0,0.0,1.0,0.166667,0.166667,0.0,0.0,84,0,0,420
P2,p_abnormal + trust,0.57,0,420,0,84,0.0,0.0,1.0,0.0,1.0,0.166667,0.166667,0.0,0.0,84,0,0,420
P2,p_abnormal + trust,0.58,0,420,0,84,0.0,0.0,1.0,0.0,1.0,0.166667,0.166667,0.0,0.0,84,0,0,420
P2,p_abnormal + trust,0.59,0,420,0,84,0.0,0.0,1.0,0.0,1.0,0.166667,0.166667,0.0,0.0,84,0,0,420
P2,p_abnormal + trust,0.6,0,420,0,84,0.0,0.0,1.0,0.0,1.0,0.166667,0.166667,0.0,0.0,84,0,0,420
P2,p_abnormal + trust,0.61,0,420,0,84,0.0,0.0,1.0,0.0,1.0,0.166667,0.166667,0.0,0.0,84,0,0,420
P2,p_abnormal + trust,0.62,0,420,0,84,0.0,0.0,1.0,0.0,1.0,0.166667,0.166667,0.0,0.0,84,0,0,420
P2,p_abnormal + trust,0.63,0,420,0,84,0.0,0.0,1.0,0.0,1.0,0.166667,0.166667,0.0,0.0,84,0,0,420
P2,p_abnormal + trust,0.64,0,420,0,84,0.0,0.0,1.0,0.0,1.0,0.166667,0.166667,0.0,0.0,84,0,0,420
P2,p_abnormal + trust,0.65,0,420,0,84,0.0,0.0,1.0,0.0,1.0,0.166667,0.166667,0.0,0.0,84,0,0,420
P2,p_abnormal + trust,0.66,0,420,0,84,0.0,0.0,1.0,0.0,1.0,0.166667,0.166667,0.0,0.0,84,0,0,420
P2,p_abnormal + trust,0.67,0,420,0,84,0.0,0.0,1.0,0.0,1.0,0.166667,0.166667,0.0,0.0,84,0,0,420
P2,p_abnormal + trust,0.68,0,420,0,84,0.0,0.0,1.0,0.0,1.0,0.166667,0.166667,0.0,0.0,84,0,0,420
P2,p_abnormal + trust,0.69,0,420,0,84,0.0,0.0,1.0,0.0,1.0,0.166667,0.166667,0.0,0.0,84,0,0,420
P2,p_abnormal + trust,0.7,0,420,0,84,0.0,0.0,1.0,0.0,1.0,0.166667,0.166667,0.0,0.0,84,0,0,420
P2,p_abnormal + trust,0.71,0,420,0,84,0.0,0.0,1.0,0.0,1.0,0.166667,0.166667,0.0,0.0,84,0,0,420
P2,p_abnormal + trust,0.72,0,420,0,84,0.0,0.0,1.0,0.0,1.0,0.166667,0.166667,0.0,0.0,84,0,0,420
P2,p_abnormal + trust,0.73,0,420,0,84,0.0,0.0,1.0,0.0,1.0,0.166667,0.166667,0.0,0.0,84,0,0,420
P2,p_abnormal + trust,0.74,0,420,0,84,0.0,0.0,1.0,0.0,1.0,0.166667,0.166667,0.0,0.0,84,0,0,420
P2,p_abnormal + trust,0.75,0,420,0,84,0.0,0.0,1.0,0.0,1.0,0.166667,0.166667,0.0,0.0,84,0,0,420
P2,p_abnormal + trust,0.76,0,420,0,84,0.0,0.0,1.0,0.0,1.0,0.166667,0.166667,0.0,0.0,84,0,0,420
P2,p_abnormal + trust,0.77,0,420,0,84,0.0,0.0,1.0,0.0,1.0,0.166667,0.166667,0.0,0.0,84,0,0,420
P2,p_abnormal + trust,0.78,0,420,0,84,0.0,0.0,1.0,0.0,1.0,0.166667,0.166667,0.0,0.0,84,0,0,420
P2,p_abnormal + trust,0.79,0,420,0,84,0.0,0.0,1.0,0.0,1.0,0.166667,0.166667,0.0,0.0,84,0,0,420
P2,p_abnormal + trust,0.8,0,420,0,84,0.0,0.0,1.0,0.0,1.0,0.166667,0.166667,0.0,0.0,84,0,0,420
P2,p_abnormal + trust,0.81,0,420,0,84,0.0,0.0,1.0,0.0,1.0,0.166667,0.166667,0.0,0.0,84,0,0,420
P2,p_abnormal + trust,0.82,0,420,0,84,0.0,0.0,1.0,0.0,1.0,0.166667,0.166667,0.0,0.0,84,0,0,420
P2,p_abnormal + trust,0.83,0,420,0,84,0.0,0.0,1.0,0.0,1.0,0.166667,0.166667,0.0,0.0,84,0,0,420
P2,p_abnormal + trust,0.84,0,420,0,84,0.0,0.0,1.0,0.0,1.0,0.166667,0.166667,0.0,0.0,84,0,0,420
P2,p_abnormal + trust,0.85,0,420,0,84,0.0,0.0,1.0,0.0,1.0,0.166667,0.166667,0.0,0.0,84,0,0,420
P2,p_abnormal + trust,0.86,0,420,0,84,0.0,0.0,1.0,0.0,1.0,0.166667,0.166667,0.0,0.0,84,0,0,420
P2,p_abnormal + trust,0.87,0,420,0,84,0.0,0.0,1.0,0.0,1.0,0.166667,0.166667,0.0,0.0,84,0,0,420
P2,p_abnormal + trust,0.88,0,420,0,84,0.0,0.0,1.0,0.0,1.0,0.166667,0.166667,0.0,0.0,84,0,0,420
P2,p_abnormal + trust,0.89,0,420,0,84,0.0,0.0,1.0,0.0,1.0,0.166667,0.166667,0.0,0.0,84,0,0,420
P2,p_abnormal + trust,0.9,0,420,0,84,0.0,0.0,1.0,0.0,1.0,0.166667,0.166667,0.0,0.0,84,0,0,420
P2,p_abnormal + trust,0.91,0,420,0,84,0.0,0.0,1.0,0.0,1.0,0.166667,0.166667,0.0,0.0,84,0,0,420
P2,p_abnormal + trust,0.92,0,420,0,84,0.0,0.0,1.0,0.0,1.0,0.166667,0.166667,0.0,0.0,84,0,0,420
P2,p_abnormal + trust,0.93,0,420,0,84,0.0,0.0,1.0,0.0,1.0,0.166667,0.166667,0.0,0.0,84,0,0,420
P2,p_abnormal + trust,0.94,0,420,0,84,0.0,0.0,1.0,0.0,1.0,0.166667,0.166667,0.0,0.0,84,0,0,420
P2,p_abnormal + trust,0.95,0,420,0,84,0.0,0.0,1.0,0.0,1.0,0.166667,0.166667,0.0,0.0,84,0,0,420
P2,p_abnormal + trust,0.96,0,420,0,84,0.0,0.0,1.0,0.0,1.0,0.166667,0.166667,0.0,0.0,84,0,0,420
P2,p_abnormal + trust,0.97,0,420,0,84,0.0,0.0,1.0,0.0,1.0,0.166667,0.166667,0.0,0.0,84,0,0,420
P2,p_abnormal + trust,0.98,0,420,0,84,0.0,0.0,1.0,0.0,1.0,0.166667,0.166667,0.0,0.0,84,0,0,420
P2,p_abnormal + trust,0.99,0,420,0,84,0.0,0.0,1.0,0.0,1.0,0.166667,0.166667,0.0,0.0,84,0,0,420
P3,p_abnormal + trust + uncertainty,0.01,420,0,84,0,1.0,0.833333,0.0,1.0,0.0,0.0,0.833333,0.909091,1.0,0,84,420,0
P3,p_abnormal + trust + uncertainty,0.02,420,0,84,0,1.0,0.833333,0.0,1.0,0.0,0.0,0.833333,0.909091,1.0,0,84,420,0
P3,p_abnormal + trust + uncertainty,0.03,420,0,84,0,1.0,0.833333,0.0,1.0,0.0,0.0,0.833333,0.909091,1.0,0,84,420,0
P3,p_abnormal + trust + uncertainty,0.04,420,0,84,0,1.0,0.833333,0.0,1.0,0.0,0.0,0.833333,0.909091,1.0,0,84,420,0
P3,p_abnormal + trust + uncertainty,0.05,420,0,84,0,1.0,0.833333,0.0,1.0,0.0,0.0,0.833333,0.909091,1.0,0,84,420,0
P3,p_abnormal + trust + uncertainty,0.06,420,0,84,0,1.0,0.833333,0.0,1.0,0.0,0.0,0.833333,0.909091,1.0,0,84,420,0
P3,p_abnormal + trust + uncertainty,0.07,420,0,84,0,1.0,0.833333,0.0,1.0,0.0,0.0,0.833333,0.909091,1.0,0,84,420,0
P3,p_abnormal + trust + uncertainty,0.08,420,0,84,0,1.0,0.833333,0.0,1.0,0.0,0.0,0.833333,0.909091,1.0,0,84,420,0
P3,p_abnormal + trust + uncertainty,0.09,420,0,84,0,1.0,0.833333,0.0,1.0,0.0,0.0,0.833333,0.909091,1.0,0,84,420,0
P3,p_abnormal + trust + uncertainty,0.1,420,0,84,0,1.0,0.833333,0.0,1.0,0.0,0.0,0.833333,0.909091,1.0,0,84,420,0
P3,p_abnormal + trust + uncertainty,0.11,420,0,84,0,1.0,0.833333,0.0,1.0,0.0,0.0,0.833333,0.909091,1.0,0,84,420,0
P3,p_abnormal + trust + uncertainty,0.12,420,0,84,0,1.0,0.833333,0.0,1.0,0.0,0.0,0.833333,0.909091,1.0,0,84,420,0
P3,p_abnormal + trust + uncertainty,0.13,420,0,84,0,1.0,0.833333,0.0,1.0,0.0,0.0,0.833333,0.909091,1.0,0,84,420,0
P3,p_abnormal + trust + uncertainty,0.14,420,0,84,0,1.0,0.833333,0.0,1.0,0.0,0.0,0.833333,0.909091,1.0,0,84,420,0
P3,p_abnormal + trust + uncertainty,0.15,420,0,84,0,1.0,0.833333,0.0,1.0,0.0,0.0,0.833333,0.909091,1.0,0,84,420,0
P3,p_abnormal + trust + uncertainty,0.16,420,0,84,0,1.0,0.833333,0.0,1.0,0.0,0.0,0.833333,0.909091,1.0,0,84,420,0
P3,p_abnormal + trust + uncertainty,0.17,420,0,78,6,1.0,0.843373,0.071429,0.928571,0.0,1.0,0.845238,0.915033,0.988095,6,78,420,0
P3,p_abnormal + trust + uncertainty,0.18,420,0,59,25,1.0,0.876827,0.297619,0.702381,0.0,1.0,0.882937,0.934372,0.950397,25,59,420,0
P3,p_abnormal + trust + uncertainty,0.19,419,1,54,30,0.997619,0.885835,0.357143,0.642857,0.002381,0.967742,0.890873,0.93841,0.938492,30,54,419,1
P3,p_abnormal + trust + uncertainty,0.2,418,2,50,34,0.995238,0.893162,0.404762,0.595238,0.004762,0.944444,0.896825,0.941441,0.928571,34,50,418,2
P3,p_abnormal + trust + uncertainty,0.21,416,4,45,39,0.990476,0.902386,0.464286,0.535714,0.009524,0.906977,0.902778,0.944381,0.914683,39,45,416,4
P3,p_abnormal + trust + uncertainty,0.22,416,4,41,43,0.990476,0.910284,0.511905,0.488095,0.009524,0.914894,0.910714,0.948689,0.906746,43,41,416,4
P3,p_abnormal + trust + uncertainty,0.23,415,5,39,45,0.988095,0.914097,0.535714,0.464286,0.011905,0.9,0.912698,0.949657,0.900794,45,39,415,5
P3,p_abnormal + trust + uncertainty,0.24,415,5,37,47,0.988095,0.918142,0.559524,0.440476,0.011905,0.903846,0.916667,0.951835,0.896825,47,37,415,5
P3,p_abnormal + trust + uncertainty,0.25,415,5,35,49,0.988095,0.922222,0.583333,0.416667,0.011905,0.907407,0.920635,0.954023,0.892857,49,35,415,5
P3,p_abnormal + trust + uncertainty,0.26,415,5,33,51,0.988095,0.926339,0.607143,0.392857,0.011905,0.910714,0.924603,0.956221,0.888889,51,33,415,5
P3,p_abnormal + trust + uncertainty,0.27,415,5,32,52,0.988095,0.928412,0.619048,0.380952,0.011905,0.912281,0.926587,0.957324,0.886905,52,32,415,5
P3,p_abnormal + trust + uncertainty,0.28,414,6,32,52,0.985714,0.928251,0.619048,0.380952,0.014286,0.896552,0.924603,0.95612,0.884921,52,32,414,6
P3,p_abnormal + trust + uncertainty,0.29,414,6,29,55,0.985714,0.934537,0.654762,0.345238,0.014286,0.901639,0.930556,0.959444,0.878968,55,29,414,6
P3,p_abnormal + trust + uncertainty,0.3,414,6,29,55,0.985714,0.934537,0.654762,0.345238,0.014286,0.901639,0.930556,0.959444,0.878968,55,29,414,6
P3,p_abnormal + trust + uncertainty,0.31,413,7,29,55,0.983333,0.934389,0.654762,0.345238,0.016667,0.887097,0.928571,0.958237,0.876984,55,29,413,7
P3,p_abnormal + trust + uncertainty,0.32,412,8,27,57,0.980952,0.938497,0.678571,0.321429,0.019048,0.876923,0.930556,0.959255,0.871032,57,27,412,8
P3,p_abnormal + trust + uncertainty,0.33,412,8,26,58,0.980952,0.940639,0.690476,0.309524,0.019048,0.878788,0.93254,0.960373,0.869048,58,26,412,8
P3,p_abnormal + trust + uncertainty,0.34,411,9,25,59,0.978571,0.942661,0.702381,0.297619,0.021429,0.867647,0.93254,0.96028,0.865079,59,25,411,9
P3,p_abnormal + trust + uncertainty,0.35,409,11,22,62,0.97381,0.948956,0.738095,0.261905,0.02619,0.849315,0.934524,0.961222,0.855159,62,22,409,11
P3,p_abnormal + trust + uncertainty,0.36,405,15,20,64,0.964286,0.952941,0.761905,0.238095,0.035714,0.810127,0.930556,0.95858,0.843254,64,20,405,15
P3,p_abnormal + trust + uncertainty,0.37,384,36,16,68,0.914286,0.96,0.809524,0.190476,0.085714,0.653846,0.896825,0.936585,0.793651,68,16,384,36
P3,p_abnormal + trust + uncertainty,0.38,330,90,5,79,0.785714,0.985075,0.940476,0.059524,0.214286,0.467456,0.811508,0.874172,0.664683,79,5,330,90
P3,p_abnormal + trust + uncertainty,0.39,192,228,3,81,0.457143,0.984615,0.964286,0.035714,0.542857,0.262136,0.541667,0.62439,0.386905,81,3,192,228
P3,p_abnormal + trust + uncertainty,0.4,39,381,0,84,0.092857,1.0,1.0,0.0,0.907143,0.180645,0.244048,0.169935,0.077381,84,0,39,381
P3,p_abnormal + trust + uncertainty,0.41,0,420,0,84,0.0,0.0,1.0,0.0,1.0,0.166667,0.166667,0.0,0.0,84,0,0,420
P3,p_abnormal + trust + uncertainty,0.42,0,420,0,84,0.0,0.0,1.0,0.0,1.0,0.166667,0.166667,0.0,0.0,84,0,0,420
P3,p_abnormal + trust + uncertainty,0.43,0,420,0,84,0.0,0.0,1.0,0.0,1.0,0.166667,0.166667,0.0,0.0,84,0,0,420
P3,p_abnormal + trust + uncertainty,0.44,0,420,0,84,0.0,0.0,1.0,0.0,1.0,0.166667,0.166667,0.0,0.0,84,0,0,420
P3,p_abnormal + trust + uncertainty,0.45,0,420,0,84,0.0,0.0,1.0,0.0,1.0,0.166667,0.166667,0.0,0.0,84,0,0,420
P3,p_abnormal + trust + uncertainty,0.46,0,420,0,84,0.0,0.0,1.0,0.0,1.0,0.166667,0.166667,0.0,0.0,84,0,0,420
P3,p_abnormal + trust + uncertainty,0.47,0,420,0,84,0.0,0.0,1.0,0.0,1.0,0.166667,0.166667,0.0,0.0,84,0,0,420
P3,p_abnormal + trust + uncertainty,0.48,0,420,0,84,0.0,0.0,1.0,0.0,1.0,0.166667,0.166667,0.0,0.0,84,0,0,420
P3,p_abnormal + trust + uncertainty,0.49,0,420,0,84,0.0,0.0,1.0,0.0,1.0,0.166667,0.166667,0.0,0.0,84,0,0,420
P3,p_abnormal + trust + uncertainty,0.5,0,420,0,84,0.0,0.0,1.0,0.0,1.0,0.166667,0.166667,0.0,0.0,84,0,0,420
P3,p_abnormal + trust + uncertainty,0.51,0,420,0,84,0.0,0.0,1.0,0.0,1.0,0.166667,0.166667,0.0,0.0,84,0,0,420
P3,p_abnormal + trust + uncertainty,0.52,0,420,0,84,0.0,0.0,1.0,0.0,1.0,0.166667,0.166667,0.0,0.0,84,0,0,420
P3,p_abnormal + trust + uncertainty,0.53,0,420,0,84,0.0,0.0,1.0,0.0,1.0,0.166667,0.166667,0.0,0.0,84,0,0,420
P3,p_abnormal + trust + uncertainty,0.54,0,420,0,84,0.0,0.0,1.0,0.0,1.0,0.166667,0.166667,0.0,0.0,84,0,0,420
P3,p_abnormal + trust + uncertainty,0.55,0,420,0,84,0.0,0.0,1.0,0.0,1.0,0.166667,0.166667,0.0,0.0,84,0,0,420
P3,p_abnormal + trust + uncertainty,0.56,0,420,0,84,0.0,0.0,1.0,0.0,1.0,0.166667,0.166667,0.0,0.0,84,0,0,420
P3,p_abnormal + trust + uncertainty,0.57,0,420,0,84,0.0,0.0,1.0,0.0,1.0,0.166667,0.166667,0.0,0.0,84,0,0,420
P3,p_abnormal + trust + uncertainty,0.58,0,420,0,84,0.0,0.0,1.0,0.0,1.0,0.166667,0.166667,0.0,0.0,84,0,0,420
P3,p_abnormal + trust + uncertainty,0.59,0,420,0,84,0.0,0.0,1.0,0.0,1.0,0.166667,0.166667,0.0,0.0,84,0,0,420
P3,p_abnormal + trust + uncertainty,0.6,0,420,0,84,0.0,0.0,1.0,0.0,1.0,0.166667,0.166667,0.0,0.0,84,0,0,420
P3,p_abnormal + trust + uncertainty,0.61,0,420,0,84,0.0,0.0,1.0,0.0,1.0,0.166667,0.166667,0.0,0.0,84,0,0,420
P3,p_abnormal + trust + uncertainty,0.62,0,420,0,84,0.0,0.0,1.0,0.0,1.0,0.166667,0.166667,0.0,0.0,84,0,0,420
P3,p_abnormal + trust + uncertainty,0.63,0,420,0,84,0.0,0.0,1.0,0.0,1.0,0.166667,0.166667,0.0,0.0,84,0,0,420
P3,p_abnormal + trust + uncertainty,0.64,0,420,0,84,0.0,0.0,1.0,0.0,1.0,0.166667,0.166667,0.0,0.0,84,0,0,420
P3,p_abnormal + trust + uncertainty,0.65,0,420,0,84,0.0,0.0,1.0,0.0,1.0,0.166667,0.166667,0.0,0.0,84,0,0,420
P3,p_abnormal + trust + uncertainty,0.66,0,420,0,84,0.0,0.0,1.0,0.0,1.0,0.166667,0.166667,0.0,0.0,84,0,0,420
P3,p_abnormal + trust + uncertainty,0.67,0,420,0,84,0.0,0.0,1.0,0.0,1.0,0.166667,0.166667,0.0,0.0,84,0,0,420
P3,p_abnormal + trust + uncertainty,0.68,0,420,0,84,0.0,0.0,1.0,0.0,1.0,0.166667,0.166667,0.0,0.0,84,0,0,420
P3,p_abnormal + trust + uncertainty,0.69,0,420,0,84,0.0,0.0,1.0,0.0,1.0,0.166667,0.166667,0.0,0.0,84,0,0,420
P3,p_abnormal + trust + uncertainty,0.7,0,420,0,84,0.0,0.0,1.0,0.0,1.0,0.166667,0.166667,0.0,0.0,84,0,0,420
P3,p_abnormal + trust + uncertainty,0.71,0,420,0,84,0.0,0.0,1.0,0.0,1.0,0.166667,0.166667,0.0,0.0,84,0,0,420
P3,p_abnormal + trust + uncertainty,0.72,0,420,0,84,0.0,0.0,1.0,0.0,1.0,0.166667,0.166667,0.0,0.0,84,0,0,420
P3,p_abnormal + trust + uncertainty,0.73,0,420,0,84,0.0,0.0,1.0,0.0,1.0,0.166667,0.166667,0.0,0.0,84,0,0,420
P3,p_abnormal + trust + uncertainty,0.74,0,420,0,84,0.0,0.0,1.0,0.0,1.0,0.166667,0.166667,0.0,0.0,84,0,0,420
P3,p_abnormal + trust + uncertainty,0.75,0,420,0,84,0.0,0.0,1.0,0.0,1.0,0.166667,0.166667,0.0,0.0,84,0,0,420
P3,p_abnormal + trust + uncertainty,0.76,0,420,0,84,0.0,0.0,1.0,0.0,1.0,0.166667,0.166667,0.0,0.0,84,0,0,420
P3,p_abnormal + trust + uncertainty,0.77,0,420,0,84,0.0,0.0,1.0,0.0,1.0,0.166667,0.166667,0.0,0.0,84,0,0,420
P3,p_abnormal + trust + uncertainty,0.78,0,420,0,84,0.0,0.0,1.0,0.0,1.0,0.166667,0.166667,0.0,0.0,84,0,0,420
P3,p_abnormal + trust + uncertainty,0.79,0,420,0,84,0.0,0.0,1.0,0.0,1.0,0.166667,0.166667,0.0,0.0,84,0,0,420
P3,p_abnormal + trust + uncertainty,0.8,0,420,0,84,0.0,0.0,1.0,0.0,1.0,0.166667,0.166667,0.0,0.0,84,0,0,420
P3,p_abnormal + trust + uncertainty,0.81,0,420,0,84,0.0,0.0,1.0,0.0,1.0,0.166667,0.166667,0.0,0.0,84,0,0,420
P3,p_abnormal + trust + uncertainty,0.82,0,420,0,84,0.0,0.0,1.0,0.0,1.0,0.166667,0.166667,0.0,0.0,84,0,0,420
P3,p_abnormal + trust + uncertainty,0.83,0,420,0,84,0.0,0.0,1.0,0.0,1.0,0.166667,0.166667,0.0,0.0,84,0,0,420
P3,p_abnormal + trust + uncertainty,0.84,0,420,0,84,0.0,0.0,1.0,0.0,1.0,0.166667,0.166667,0.0,0.0,84,0,0,420
P3,p_abnormal + trust + uncertainty,0.85,0,420,0,84,0.0,0.0,1.0,0.0,1.0,0.166667,0.166667,0.0,0.0,84,0,0,420
P3,p_abnormal + trust + uncertainty,0.86,0,420,0,84,0.0,0.0,1.0,0.0,1.0,0.166667,0.166667,0.0,0.0,84,0,0,420
P3,p_abnormal + trust + uncertainty,0.87,0,420,0,84,0.0,0.0,1.0,0.0,1.0,0.166667,0.166667,0.0,0.0,84,0,0,420
P3,p_abnormal + trust + uncertainty,0.88,0,420,0,84,0.0,0.0,1.0,0.0,1.0,0.166667,0.166667,0.0,0.0,84,0,0,420
P3,p_abnormal + trust + uncertainty,0.89,0,420,0,84,0.0,0.0,1.0,0.0,1.0,0.166667,0.166667,0.0,0.0,84,0,0,420
P3,p_abnormal + trust + uncertainty,0.9,0,420,0,84,0.0,0.0,1.0,0.0,1.0,0.166667,0.166667,0.0,0.0,84,0,0,420
P3,p_abnormal + trust + uncertainty,0.91,0,420,0,84,0.0,0.0,1.0,0.0,1.0,0.166667,0.166667,0.0,0.0,84,0,0,420
P3,p_abnormal + trust + uncertainty,0.92,0,420,0,84,0.0,0.0,1.0,0.0,1.0,0.166667,0.166667,0.0,0.0,84,0,0,420
P3,p_abnormal + trust + uncertainty,0.93,0,420,0,84,0.0,0.0,1.0,0.0,1.0,0.166667,0.166667,0.0,0.0,84,0,0,420
P3,p_abnormal + trust + uncertainty,0.94,0,420,0,84,0.0,0.0,1.0,0.0,1.0,0.166667,0.166667,0.0,0.0,84,0,0,420
P3,p_abnormal + trust + uncertainty,0.95,0,420,0,84,0.0,0.0,1.0,0.0,1.0,0.166667,0.166667,0.0,0.0,84,0,0,420
P3,p_abnormal + trust + uncertainty,0.96,0,420,0,84,0.0,0.0,1.0,0.0,1.0,0.166667,0.166667,0.0,0.0,84,0,0,420
P3,p_abnormal + trust + uncertainty,0.97,0,420,0,84,0.0,0.0,1.0,0.0,1.0,0.166667,0.166667,0.0,0.0,84,0,0,420
P3,p_abnormal + trust + uncertainty,0.98,0,420,0,84,0.0,0.0,1.0,0.0,1.0,0.166667,0.166667,0.0,0.0,84,0,0,420
P3,p_abnormal + trust + uncertainty,0.99,0,420,0,84,0.0,0.0,1.0,0.0,1.0,0.166667,0.166667,0.0,0.0,84,0,0,420
P4,P3 + HN-aware normal bank,0.01,420,0,84,0,1.0,0.833333,0.0,1.0,0.0,0.0,0.833333,0.909091,1.0,0,84,420,0
P4,P3 + HN-aware normal bank,0.02,420,0,84,0,1.0,0.833333,0.0,1.0,0.0,0.0,0.833333,0.909091,1.0,0,84,420,0
P4,P3 + HN-aware normal bank,0.03,420,0,84,0,1.0,0.833333,0.0,1.0,0.0,0.0,0.833333,0.909091,1.0,0,84,420,0
P4,P3 + HN-aware normal bank,0.04,420,0,84,0,1.0,0.833333,0.0,1.0,0.0,0.0,0.833333,0.909091,1.0,0,84,420,0
P4,P3 + HN-aware normal bank,0.05,420,0,84,0,1.0,0.833333,0.0,1.0,0.0,0.0,0.833333,0.909091,1.0,0,84,420,0
P4,P3 + HN-aware normal bank,0.06,420,0,84,0,1.0,0.833333,0.0,1.0,0.0,0.0,0.833333,0.909091,1.0,0,84,420,0
P4,P3 + HN-aware normal bank,0.07,420,0,84,0,1.0,0.833333,0.0,1.0,0.0,0.0,0.833333,0.909091,1.0,0,84,420,0
P4,P3 + HN-aware normal bank,0.08,420,0,84,0,1.0,0.833333,0.0,1.0,0.0,0.0,0.833333,0.909091,1.0,0,84,420,0
P4,P3 + HN-aware normal bank,0.09,420,0,84,0,1.0,0.833333,0.0,1.0,0.0,0.0,0.833333,0.909091,1.0,0,84,420,0
P4,P3 + HN-aware normal bank,0.1,420,0,84,0,1.0,0.833333,0.0,1.0,0.0,0.0,0.833333,0.909091,1.0,0,84,420,0
P4,P3 + HN-aware normal bank,0.11,420,0,84,0,1.0,0.833333,0.0,1.0,0.0,0.0,0.833333,0.909091,1.0,0,84,420,0
P4,P3 + HN-aware normal bank,0.12,420,0,84,0,1.0,0.833333,0.0,1.0,0.0,0.0,0.833333,0.909091,1.0,0,84,420,0
P4,P3 + HN-aware normal bank,0.13,420,0,84,0,1.0,0.833333,0.0,1.0,0.0,0.0,0.833333,0.909091,1.0,0,84,420,0
P4,P3 + HN-aware normal bank,0.14,420,0,84,0,1.0,0.833333,0.0,1.0,0.0,0.0,0.833333,0.909091,1.0,0,84,420,0
P4,P3 + HN-aware normal bank,0.15,420,0,84,0,1.0,0.833333,0.0,1.0,0.0,0.0,0.833333,0.909091,1.0,0,84,420,0
P4,P3 + HN-aware normal bank,0.16,420,0,84,0,1.0,0.833333,0.0,1.0,0.0,0.0,0.833333,0.909091,1.0,0,84,420,0
P4,P3 + HN-aware normal bank,0.17,420,0,78,6,1.0,0.843373,0.071429,0.928571,0.0,1.0,0.845238,0.915033,0.988095,6,78,420,0
P4,P3 + HN-aware normal bank,0.18,420,0,60,24,1.0,0.875,0.285714,0.714286,0.0,1.0,0.880952,0.933333,0.952381,24,60,420,0
P4,P3 + HN-aware normal bank,0.19,419,1,54,30,0.997619,0.885835,0.357143,0.642857,0.002381,0.967742,0.890873,0.93841,0.938492,30,54,419,1
P4,P3 + HN-aware normal bank,0.2,418,2,50,34,0.995238,0.893162,0.404762,0.595238,0.004762,0.944444,0.896825,0.941441,0.928571,34,50,418,2
P4,P3 + HN-aware normal bank,0.21,416,4,44,40,0.990476,0.904348,0.47619,0.52381,0.009524,0.909091,0.904762,0.945455,0.912698,40,44,416,4
P4,P3 + HN-aware normal bank,0.22,416,4,41,43,0.990476,0.910284,0.511905,0.488095,0.009524,0.914894,0.910714,0.948689,0.906746,43,41,416,4
P4,P3 + HN-aware normal bank,0.23,415,5,39,45,0.988095,0.914097,0.535714,0.464286,0.011905,0.9,0.912698,0.949657,0.900794,45,39,415,5
P4,P3 + HN-aware normal bank,0.24,415,5,37,47,0.988095,0.918142,0.559524,0.440476,0.011905,0.903846,0.916667,0.951835,0.896825,47,37,415,5
P4,P3 + HN-aware normal bank,0.25,415,5,35,49,0.988095,0.922222,0.583333,0.416667,0.011905,0.907407,0.920635,0.954023,0.892857,49,35,415,5
P4,P3 + HN-aware normal bank,0.26,415,5,33,51,0.988095,0.926339,0.607143,0.392857,0.011905,0.910714,0.924603,0.956221,0.888889,51,33,415,5
P4,P3 + HN-aware normal bank,0.27,415,5,32,52,0.988095,0.928412,0.619048,0.380952,0.011905,0.912281,0.926587,0.957324,0.886905,52,32,415,5
P4,P3 + HN-aware normal bank,0.28,414,6,32,52,0.985714,0.928251,0.619048,0.380952,0.014286,0.896552,0.924603,0.95612,0.884921,52,32,414,6
P4,P3 + HN-aware normal bank,0.29,414,6,29,55,0.985714,0.934537,0.654762,0.345238,0.014286,0.901639,0.930556,0.959444,0.878968,55,29,414,6
P4,P3 + HN-aware normal bank,0.3,414,6,29,55,0.985714,0.934537,0.654762,0.345238,0.014286,0.901639,0.930556,0.959444,0.878968,55,29,414,6
P4,P3 + HN-aware normal bank,0.31,413,7,29,55,0.983333,0.934389,0.654762,0.345238,0.016667,0.887097,0.928571,0.958237,0.876984,55,29,413,7
P4,P3 + HN-aware normal bank,0.32,412,8,27,57,0.980952,0.938497,0.678571,0.321429,0.019048,0.876923,0.930556,0.959255,0.871032,57,27,412,8
P4,P3 + HN-aware normal bank,0.33,412,8,26,58,0.980952,0.940639,0.690476,0.309524,0.019048,0.878788,0.93254,0.960373,0.869048,58,26,412,8
P4,P3 + HN-aware normal bank,0.34,410,10,24,60,0.97619,0.9447,0.714286,0.285714,0.02381,0.857143,0.93254,0.960187,0.861111,60,24,410,10
P4,P3 + HN-aware normal bank,0.35,409,11,22,62,0.97381,0.948956,0.738095,0.261905,0.02619,0.849315,0.934524,0.961222,0.855159,62,22,409,11
P4,P3 + HN-aware normal bank,0.36,405,15,20,64,0.964286,0.952941,0.761905,0.238095,0.035714,0.810127,0.930556,0.95858,0.843254,64,20,405,15
P4,P3 + HN-aware normal bank,0.37,383,37,15,69,0.911905,0.962312,0.821429,0.178571,0.088095,0.650943,0.896825,0.93643,0.789683,69,15,383,37
P4,P3 + HN-aware normal bank,0.38,325,95,5,79,0.77381,0.984848,0.940476,0.059524,0.22619,0.454023,0.801587,0.866667,0.654762,79,5,325,95
P4,P3 + HN-aware normal bank,0.39,187,233,2,82,0.445238,0.989418,0.97619,0.02381,0.554762,0.260317,0.53373,0.614122,0.375,82,2,187,233
P4,P3 + HN-aware normal bank,0.4,34,386,0,84,0.080952,1.0,1.0,0.0,0.919048,0.178723,0.234127,0.14978,0.06746,84,0,34,386
P4,P3 + HN-aware normal bank,0.41,0,420,0,84,0.0,0.0,1.0,0.0,1.0,0.166667,0.166667,0.0,0.0,84,0,0,420
P4,P3 + HN-aware normal bank,0.42,0,420,0,84,0.0,0.0,1.0,0.0,1.0,0.166667,0.166667,0.0,0.0,84,0,0,420
P4,P3 + HN-aware normal bank,0.43,0,420,0,84,0.0,0.0,1.0,0.0,1.0,0.166667,0.166667,0.0,0.0,84,0,0,420
P4,P3 + HN-aware normal bank,0.44,0,420,0,84,0.0,0.0,1.0,0.0,1.0,0.166667,0.166667,0.0,0.0,84,0,0,420
P4,P3 + HN-aware normal bank,0.45,0,420,0,84,0.0,0.0,1.0,0.0,1.0,0.166667,0.166667,0.0,0.0,84,0,0,420
P4,P3 + HN-aware normal bank,0.46,0,420,0,84,0.0,0.0,1.0,0.0,1.0,0.166667,0.166667,0.0,0.0,84,0,0,420
P4,P3 + HN-aware normal bank,0.47,0,420,0,84,0.0,0.0,1.0,0.0,1.0,0.166667,0.166667,0.0,0.0,84,0,0,420
P4,P3 + HN-aware normal bank,0.48,0,420,0,84,0.0,0.0,1.0,0.0,1.0,0.166667,0.166667,0.0,0.0,84,0,0,420
P4,P3 + HN-aware normal bank,0.49,0,420,0,84,0.0,0.0,1.0,0.0,1.0,0.166667,0.166667,0.0,0.0,84,0,0,420
P4,P3 + HN-aware normal bank,0.5,0,420,0,84,0.0,0.0,1.0,0.0,1.0,0.166667,0.166667,0.0,0.0,84,0,0,420
P4,P3 + HN-aware normal bank,0.51,0,420,0,84,0.0,0.0,1.0,0.0,1.0,0.166667,0.166667,0.0,0.0,84,0,0,420
P4,P3 + HN-aware normal bank,0.52,0,420,0,84,0.0,0.0,1.0,0.0,1.0,0.166667,0.166667,0.0,0.0,84,0,0,420
P4,P3 + HN-aware normal bank,0.53,0,420,0,84,0.0,0.0,1.0,0.0,1.0,0.166667,0.166667,0.0,0.0,84,0,0,420
P4,P3 + HN-aware normal bank,0.54,0,420,0,84,0.0,0.0,1.0,0.0,1.0,0.166667,0.166667,0.0,0.0,84,0,0,420
P4,P3 + HN-aware normal bank,0.55,0,420,0,84,0.0,0.0,1.0,0.0,1.0,0.166667,0.166667,0.0,0.0,84,0,0,420
P4,P3 + HN-aware normal bank,0.56,0,420,0,84,0.0,0.0,1.0,0.0,1.0,0.166667,0.166667,0.0,0.0,84,0,0,420
P4,P3 + HN-aware normal bank,0.57,0,420,0,84,0.0,0.0,1.0,0.0,1.0,0.166667,0.166667,0.0,0.0,84,0,0,420
P4,P3 + HN-aware normal bank,0.58,0,420,0,84,0.0,0.0,1.0,0.0,1.0,0.166667,0.166667,0.0,0.0,84,0,0,420
P4,P3 + HN-aware normal bank,0.59,0,420,0,84,0.0,0.0,1.0,0.0,1.0,0.166667,0.166667,0.0,0.0,84,0,0,420
P4,P3 + HN-aware normal bank,0.6,0,420,0,84,0.0,0.0,1.0,0.0,1.0,0.166667,0.166667,0.0,0.0,84,0,0,420
P4,P3 + HN-aware normal bank,0.61,0,420,0,84,0.0,0.0,1.0,0.0,1.0,0.166667,0.166667,0.0,0.0,84,0,0,420
P4,P3 + HN-aware normal bank,0.62,0,420,0,84,0.0,0.0,1.0,0.0,1.0,0.166667,0.166667,0.0,0.0,84,0,0,420
P4,P3 + HN-aware normal bank,0.63,0,420,0,84,0.0,0.0,1.0,0.0,1.0,0.166667,0.166667,0.0,0.0,84,0,0,420
P4,P3 + HN-aware normal bank,0.64,0,420,0,84,0.0,0.0,1.0,0.0,1.0,0.166667,0.166667,0.0,0.0,84,0,0,420
P4,P3 + HN-aware normal bank,0.65,0,420,0,84,0.0,0.0,1.0,0.0,1.0,0.166667,0.166667,0.0,0.0,84,0,0,420
P4,P3 + HN-aware normal bank,0.66,0,420,0,84,0.0,0.0,1.0,0.0,1.0,0.166667,0.166667,0.0,0.0,84,0,0,420
P4,P3 + HN-aware normal bank,0.67,0,420,0,84,0.0,0.0,1.0,0.0,1.0,0.166667,0.166667,0.0,0.0,84,0,0,420
P4,P3 + HN-aware normal bank,0.68,0,420,0,84,0.0,0.0,1.0,0.0,1.0,0.166667,0.166667,0.0,0.0,84,0,0,420
P4,P3 + HN-aware normal bank,0.69,0,420,0,84,0.0,0.0,1.0,0.0,1.0,0.166667,0.166667,0.0,0.0,84,0,0,420
P4,P3 + HN-aware normal bank,0.7,0,420,0,84,0.0,0.0,1.0,0.0,1.0,0.166667,0.166667,0.0,0.0,84,0,0,420
P4,P3 + HN-aware normal bank,0.71,0,420,0,84,0.0,0.0,1.0,0.0,1.0,0.166667,0.166667,0.0,0.0,84,0,0,420
P4,P3 + HN-aware normal bank,0.72,0,420,0,84,0.0,0.0,1.0,0.0,1.0,0.166667,0.166667,0.0,0.0,84,0,0,420
P4,P3 + HN-aware normal bank,0.73,0,420,0,84,0.0,0.0,1.0,0.0,1.0,0.166667,0.166667,0.0,0.0,84,0,0,420
P4,P3 + HN-aware normal bank,0.74,0,420,0,84,0.0,0.0,1.0,0.0,1.0,0.166667,0.166667,0.0,0.0,84,0,0,420
P4,P3 + HN-aware normal bank,0.75,0,420,0,84,0.0,0.0,1.0,0.0,1.0,0.166667,0.166667,0.0,0.0,84,0,0,420
P4,P3 + HN-aware normal bank,0.76,0,420,0,84,0.0,0.0,1.0,0.0,1.0,0.166667,0.166667,0.0,0.0,84,0,0,420
P4,P3 + HN-aware normal bank,0.77,0,420,0,84,0.0,0.0,1.0,0.0,1.0,0.166667,0.166667,0.0,0.0,84,0,0,420
P4,P3 + HN-aware normal bank,0.78,0,420,0,84,0.0,0.0,1.0,0.0,1.0,0.166667,0.166667,0.0,0.0,84,0,0,420
P4,P3 + HN-aware normal bank,0.79,0,420,0,84,0.0,0.0,1.0,0.0,1.0,0.166667,0.166667,0.0,0.0,84,0,0,420
P4,P3 + HN-aware normal bank,0.8,0,420,0,84,0.0,0.0,1.0,0.0,1.0,0.166667,0.166667,0.0,0.0,84,0,0,420
P4,P3 + HN-aware normal bank,0.81,0,420,0,84,0.0,0.0,1.0,0.0,1.0,0.166667,0.166667,0.0,0.0,84,0,0,420
P4,P3 + HN-aware normal bank,0.82,0,420,0,84,0.0,0.0,1.0,0.0,1.0,0.166667,0.166667,0.0,0.0,84,0,0,420
P4,P3 + HN-aware normal bank,0.83,0,420,0,84,0.0,0.0,1.0,0.0,1.0,0.166667,0.166667,0.0,0.0,84,0,0,420
P4,P3 + HN-aware normal bank,0.84,0,420,0,84,0.0,0.0,1.0,0.0,1.0,0.166667,0.166667,0.0,0.0,84,0,0,420
P4,P3 + HN-aware normal bank,0.85,0,420,0,84,0.0,0.0,1.0,0.0,1.0,0.166667,0.166667,0.0,0.0,84,0,0,420
P4,P3 + HN-aware normal bank,0.86,0,420,0,84,0.0,0.0,1.0,0.0,1.0,0.166667,0.166667,0.0,0.0,84,0,0,420
P4,P3 + HN-aware normal bank,0.87,0,420,0,84,0.0,0.0,1.0,0.0,1.0,0.166667,0.166667,0.0,0.0,84,0,0,420
P4,P3 + HN-aware normal bank,0.88,0,420,0,84,0.0,0.0,1.0,0.0,1.0,0.166667,0.166667,0.0,0.0,84,0,0,420
P4,P3 + HN-aware normal bank,0.89,0,420,0,84,0.0,0.0,1.0,0.0,1.0,0.166667,0.166667,0.0,0.0,84,0,0,420
P4,P3 + HN-aware normal bank,0.9,0,420,0,84,0.0,0.0,1.0,0.0,1.0,0.166667,0.166667,0.0,0.0,84,0,0,420
P4,P3 + HN-aware normal bank,0.91,0,420,0,84,0.0,0.0,1.0,0.0,1.0,0.166667,0.166667,0.0,0.0,84,0,0,420
P4,P3 + HN-aware normal bank,0.92,0,420,0,84,0.0,0.0,1.0,0.0,1.0,0.166667,0.166667,0.0,0.0,84,0,0,420
P4,P3 + HN-aware normal bank,0.93,0,420,0,84,0.0,0.0,1.0,0.0,1.0,0.166667,0.166667,0.0,0.0,84,0,0,420
P4,P3 + HN-aware normal bank,0.94,0,420,0,84,0.0,0.0,1.0,0.0,1.0,0.166667,0.166667,0.0,0.0,84,0,0,420
P4,P3 + HN-aware normal bank,0.95,0,420,0,84,0.0,0.0,1.0,0.0,1.0,0.166667,0.166667,0.0,0.0,84,0,0,420
P4,P3 + HN-aware normal bank,0.96,0,420,0,84,0.0,0.0,1.0,0.0,1.0,0.166667,0.166667,0.0,0.0,84,0,0,420
P4,P3 + HN-aware normal bank,0.97,0,420,0,84,0.0,0.0,1.0,0.0,1.0,0.166667,0.166667,0.0,0.0,84,0,0,420
P4,P3 + HN-aware normal bank,0.98,0,420,0,84,0.0,0.0,1.0,0.0,1.0,0.166667,0.166667,0.0,0.0,84,0,0,420
P4,P3 + HN-aware normal bank,0.99,0,420,0,84,0.0,0.0,1.0,0.0,1.0,0.166667,0.166667,0.0,0.0,84,0,0,420
